posting_id,skill
5774751862,AWS
5774751862,Snowflake
5774751862,Azure
5774751862,GCP
5740849440,Power BI
5740849440,Excel
5120355680,Excel
5778430828,SQL
5778430828,Tableau
5042641487,Statistics
5042641487,SQL
5042641487,Tableau
5042641487,Excel
5211779262,SQL
5779644561,SQL
5266460273,Agile
5266460273,JIRA
4514376922,Python
4514376922,MySQL
4514376922,Excel
4514376922,QlikView
5777263169,JavaScript
5777263169,Java
5777263169,AWS
5777263169,MySQL
5777263169,SQL
2686604253,Agile
1171506557,Agile
4514375999,Statistics
4514376112,Excel
5251183350,Power BI
5251183350,Tableau
5251183350,Oracle
5726293485,JIRA
4113553898,Scrum
5760748145,Agile
5752767498,SQL
5756753946,Agile
5756753946,JIRA
4819767789,.NET
4819767789,Java
5581807731,Python
5581807731,SQL
5767597418,Agile
5767597418,Scrum
5585713650,Python
5585713650,SQL
5585713650,Tableau
5585713650,MongoDB
5581807732,Python
5581807732,SQL
5581807732,Tableau
5581807732,MongoDB
5761948379,Go
5761955406,SQL
5760977026,Machine Learning
2109435306,Agile
5731966493,ETL
5636066614,JIRA
5636066614,Agile
5636066614,Scrum
5714957395,Power BI
5714957395,Azure
4590722114,Agile
4590722114,Scrum
5712129653,Power BI
5775137524,R
2162707534,Agile
5773089587,JIRA
5777263167,Java
5749922825,Go
5742845656,Oracle
5784358659,Excel
5606374796,R
5606374811,Oracle
5335620835,Agile
5782684123,Agile
5782684123,Scrum
5335620789,Agile
5726293661,SQL
5726293661,Java
5784321349,SQL
5784321349,ETL
4801600939,REST API
4801600939,Java
5775536701,Java
5727277171,CI/CD
5727277171,Azure
5704063819,Scrum
5704063819,Azure
5704063819,SQL
5704063819,Git
5704063819,Agile
5761955457,JIRA
5761955465,MySQL
5761955465,PostgreSQL
5761955465,Oracle
5761955465,Java
5717388558,SQL
5717388558,PostgreSQL
5717388558,Java
5718270831,Git
5718270831,SQL
5718270831,Azure
5740848048,SQL
5740848048,PostgreSQL
5728412938,JIRA
5728412938,Agile
5728412938,Excel
5727128227,Excel
1155089724,CSS
1155089724,HTML
1155089724,Java
1155089724,AWS
1155089724,MySQL
1161627821,Machine Learning
4686707182,CSS
4686707182,JavaScript
4686707182,Azure
4686707182,.NET
4686707182,C#
4686707182,SQL
5665599664,Agile
5665599664,Scrum
5756755796,Agile
5727176181,ETL
5753748871,Snowflake
5753748871,SQL
2042125192,PHP
5476310343,Machine Learning
5476310343,GCP
5731715335,QlikView
5782685663,GCP
5782685663,Airflow
5782685663,Snowflake
5782685663,ETL
5782685663,dbt
5782685663,AWS
5782685663,Looker
5782685663,Tableau
5782685663,BigQuery
2933962357,PHP
2933962340,PHP
5759283814,SQL
5759283814,Tableau
5759283814,Excel
5702198860,Agile
5750082566,Machine Learning
5782689209,Scrum
5774236635,Python
5774236635,SQL
5774236635,Oracle
5782689218,C#
5782689218,SQL
5744084975,Agile
5744085215,React
5744085215,Agile
5782689224,ETL
5768626337,Power BI
5768626337,SQL
5728680628,Tableau
5728680628,CSS
5778451327,Python
5778451327,Spark
5778451327,GCP
5337950212,SQL
3592404194,CSS
3592404194,HTML
3592404194,JavaScript
3592404194,PHP
3592404194,React
3592404194,SQL
3592404194,Agile
2468164053,R
2667255768,JIRA
2667255768,SQL
2667255768,Agile
2667255768,Azure
5744089520,JIRA
5744089520,Excel
4107312103,.NET
4107312103,Java
5723702869,Agile
5723702869,JIRA
5784727811,JIRA
5784727811,Agile
5784727811,Scrum
5756755916,Agile
5756755916,JIRA
2946429999,Agile
2946429999,Scrum
5671667155,SQL
5671667155,Excel
5672576864,SQL
5672576864,Excel
5769801794,Python
5769801794,SQL
5769801794,C++
5769801794,Java
3949357040,Agile
5767420271,Agile
5701624057,SQL
5680038592,ETL
5680956332,ETL
5769278117,JIRA
5776258837,SQL
1364038142,SQL
5693922088,Node.js
5693922088,React
5731966391,SQL
5731966391,Excel
5731966391,VBA
5708636009,Power BI
5692463028,Machine Learning
5778241293,R
5672172259,Java
5746176778,SQL
3266739292,JIRA
5761947370,SQL
5752767494,Scrum
5752767494,JIRA
5752767494,Agile
5752767494,Excel
5775321311,R
5727228117,R
5751024668,SQL
5751024668,.NET
5751024668,Java
5599878561,Python
5599878561,SQL
5599878561,Excel
5407959731,Python
5407959731,SQL
5407959731,Excel
5782686416,Machine Learning
5782686179,Machine Learning
3297100642,JavaScript
3297100642,CSS
3297100642,Java
5787430996,Snowflake
5787430996,Agile
5787430996,ETL
5761955802,SQL
5761955802,Oracle
1171507219,Angular
1171507219,Java
5709154815,JavaScript
5709154815,Java
5709154815,MySQL
5709154815,React
5709154815,Redis
5004958478,Angular
5004958478,JavaScript
5004958478,Kubernetes
5004958478,Java
5004958478,REST API
5004958478,MySQL
5004958478,Docker
5753630681,Java
5787223735,JavaScript
5787223735,SQL
5787223735,.NET
5446435257,Oracle
5727118829,.NET
5760970465,Angular
5760970465,Java
2792652265,Agile
5446299092,Google Analytics
5446299092,A/B Testing
2138169898,Oracle
4590721777,Agile
4590721777,Scrum
1301202531,JIRA
1301202531,Agile
1301202531,Scrum
5731966415,SQL
5731966415,Excel
5731966415,VBA
5467692462,Python
5467692462,SQL
5467692462,Spark
5278415271,SQL
5612994342,Kafka
1171508709,Go
5746845775,Oracle
5768789592,Agile
5727280670,Scrum
5726376719,SQL
5759748282,Agile
5777053597,Oracle
5767425619,SQL
5767425619,Azure
5785770853,Scrum
5785770853,Angular
5785770853,Agile
5721108335,Azure
5729660722,SQL
5447797229,Google Analytics
5447797229,A/B Testing
5714939450,Airflow
5714939450,scikit-learn
5714939450,Spark
5714939450,Tableau
5714939450,Python
5714939450,SQL
5730959265,Azure
5728415437,Agile
4686706148,SQL
5443730558,Google Analytics
5443730558,A/B Testing
5442082861,Google Analytics
5442082861,A/B Testing
5785773001,Agile
5690836772,Oracle
5779830404,Agile
5770257806,Agile
5677706502,Oracle
5628841715,Oracle
5628841741,Oracle
5622134466,Oracle
5734648299,Excel
5760748277,Python
5760748277,SQL
5760748277,Java
5784971340,SQL
5771991292,Agile
5775392049,Agile
5785772591,Power BI
5785772591,SQL
5785772591,Statistics
5746212700,Oracle
5756754000,Looker
5756754000,JIRA
5756754000,Excel
5756754000,SQL
5756754000,Agile
5701957947,Python
5701957947,SQL
5701957947,Statistics
5781267907,GCP
5781267907,Airflow
5781267907,Azure
5781267907,Spark
5781267907,Hadoop
5781267907,Java
5781267907,AWS
5781267907,Kafka
5781267907,ETL
5781267907,Redshift
5781267907,Python
5781267907,SQL
5781267907,BigQuery
5781267907,Scala
5785716520,SQL
5785732023,Power BI
5785732023,SQL
4715697356,Hadoop
4715697356,Spark
4715697356,Excel
4715697356,Python
4715697356,SQL
2403881225,Machine Learning
5681009000,PostgreSQL
5681009000,Python
5681009000,Hive
5681009000,SQL
5681009000,BigQuery
5775288972,Power BI
5775288972,SQL
5775288972,Tableau
5762286343,Python
5762286343,Power BI
5762286343,SQL
5762286343,Excel
5780522532,Machine Learning
5522126592,Hadoop
2830210287,Python
2830210287,SQL
2177266370,Power BI
2177266370,Tableau
2177266370,Excel
3679469504,Python
3679469504,SQL
3679469504,Statistics
1171507526,Python
1171507526,SQL
1171507526,Excel
1186010488,Python
1186010488,SQL
2577819167,Hive
2577819167,SQL
2653476396,SQL
1422966819,Python
1422966819,Hive
1422966819,SQL
5531896486,SQL
5531896486,Excel
5294954886,SQL
5294954886,Excel
5731956518,Power BI
5731956518,Excel
5749671387,Statistics
5767896846,Snowflake
5767896846,GCP
5767896846,dbt
5778451352,Airflow
5778451352,Spark
5778451352,Statistics
5778451352,Git
5778451352,Power BI
5778451352,Looker
5778451352,Tableau
5778451352,Excel
5778451352,Python
5778451352,SQL
5778451352,BigQuery
5767591298,Snowflake
5767591298,GCP
5767591298,dbt
5784728868,SQL
4282822424,Python
4282822424,SQL
4739597153,Excel
5785716619,Power BI
5785716619,SQL
5785025954,Excel
5761791107,Azure
5756753940,Python
5756753940,Spark
5756754128,Python
5756754128,Spark
5759043518,Power BI
5759043518,SQL
5759043518,Tableau
5775399105,Power BI
5775399105,SQL
5775399105,Tableau
5778127944,Agile
5769349096,Agile
5760752285,Statistics
5641519488,Excel
3138985665,SQL
5744088932,Python
5744088932,SQL
5744088932,Statistics
5744088932,Excel
5761949927,Power BI
5761949927,SQL
5761949927,Tableau
5761949927,Excel
5725358221,Linux
5776994252,Power BI
5776994252,SQL
5756754149,SQL
5756754149,Excel
5249443156,Excel
5761784429,Go
5280546845,ETL
4801471014,GCP
4801471014,Deep Learning
4801471014,Spark
4801471014,Hadoop
4801471014,AWS
4801471014,Power BI
4801471014,Excel
4801471014,Python
4801471014,Hive
3949357016,Python
3949357016,SQL
3949357016,ETL
5748539092,Machine Learning
5748539092,Statistics
5784721874,Go
5394067861,Keras
5394067861,TensorFlow
5394067861,Spark
5394067861,PyTorch
5394067861,Python
5394067861,Statistics
5394067861,SPSS
5768784939,Power BI
5782684238,Statistics
5787271240,AWS
5740849089,Power BI
5740849089,Tableau
5729673732,Agile
5759289185,SQL
4686705015,R
5766001218,Power BI
5766001218,GCP
5759287570,SQL
5759287570,Tableau
5634174711,SQL
5785771974,Statistics
5717388419,Python
5717388419,Power BI
5717388419,SQL
5717388419,Azure
5785772047,Statistics
5729733075,BigQuery
5775778205,BigQuery
5727239217,Oracle
5404446351,Python
5404446351,GCP
5404446341,Python
5404446341,GCP
5781141256,Go
5504383531,GCP
5504383531,.NET
5504383531,Power BI
5504383531,Looker
5504383531,C#
5504383531,Python
5504383531,SQL
5504383516,GCP
5504383516,.NET
5504383516,Power BI
5504383516,Looker
5504383516,C#
5504383516,Python
5504383516,SQL
5717611404,Hadoop
5717611404,Oracle
5761955396,Snowflake
5761955396,Spark
5761955396,ETL
5761955396,Python
5761955396,SQL
5731966518,Hadoop
5731966518,Spark
5731966518,NoSQL
5731966518,SQL
5731966518,Scala
4596884513,PostgreSQL
4596884513,Spark
4596884513,AWS
4596884513,Python
4596884513,Redshift
3949357015,SQL
5564531660,AWS
5564531660,Python
5564531660,SQL
5564531660,Spark
5665633763,AWS
5665633763,Python
5665633763,Azure
5665633763,ETL
5438278422,Keras
5438278422,scikit-learn
5438278422,Machine Learning
5438278422,Deep Learning
5438278422,TensorFlow
5438278422,PyTorch
5438278422,Python
5473694134,Deep Learning
4596884483,Python
4596884483,Power BI
4596884483,Spark
5726293714,Power BI
5718936505,Azure
5762872110,GCP
5785770903,GCP
5731966517,Python
5731966517,SQL
5731966517,Spark
5731966517,ETL
5728577695,SQL
5728577695,ETL
4801651146,AWS
4801651146,Azure
4801651146,GCP
5728832599,ETL
2870614542,Python
5768996400,Python
5768996400,SQL
5768996400,Snowflake
5782538164,ETL
5593457817,SQL
5593457817,GCP
5769829364,Machine Learning
5761955630,ETL
5761955630,SQL
5761955630,Azure
3795895409,Java
5593457816,SQL
5593457816,GCP
5780829577,SQL
5780829577,Spark
5763220072,SQL
5763220072,Azure
5750119357,Python
5750119357,Spark
5750119357,Scrum
5782689389,Hadoop
5782689389,Python
5782689389,Spark
5782689389,GCP
5543947177,SQL
5543947177,Azure
5774031615,ETL
5688333956,Machine Learning
5447987377,SQL
5447987377,Azure
5447987373,SQL
5447987373,Azure
5780829576,Python
5780829576,Azure
5780829576,Snowflake
3990530514,JavaScript
3990530514,Node.js
5774397720,ETL
5780829573,SQL
5780829573,Spark
5780829573,Azure
5780829584,SQL
5780829584,Spark
5780829584,Azure
5753771662,Snowflake
5753771662,Azure
5753771662,dbt
5754232194,Machine Learning
2234827768,Machine Learning
5728445327,Power BI
5728445327,SQL
5728445327,Excel
5727281189,Python
2621925006,Python
2621925006,SQL
2621925006,Excel
2087142721,JavaScript
2087142721,PHP
5694232460,R
5756755732,AWS
5756755732,Python
5756755732,Spark
5756755732,Redshift
5763834501,Azure
3930744474,PHP
1993882129,Agile
2133622627,Python
5696953045,Deep Learning
5759556005,Power BI
5759556005,SQL
5759556005,Spark
5761950540,SQL
5761950540,VBA
5782687819,Power BI
5782687819,Tableau
5782687819,Python
5782687819,SQL
5782687819,Statistics
4686706169,ETL
5759283155,Snowflake
5759283155,ETL
5759283155,AWS
5759283155,Power BI
5759283155,Tableau
5759283155,JIRA
5759283155,SQL
5736795063,Python
5736795063,Hive
5736795063,SQL
5736795063,Excel
5782489810,Python
5782489810,Hive
5782489810,SQL
5782489810,Excel
5727129151,Machine Learning
5727129151,Python
5727129151,Power BI
5727129151,SQL
5748526671,Excel
5748527024,Azure
5756758867,Machine Learning
5756758867,Azure
5773094459,ETL
5756758863,GCP
5775395785,Machine Learning
5727209003,Azure
5761950120,C#
5761950120,Python
5761950120,.NET
5761950117,C#
5761950117,Python
5761950117,.NET
5759552873,Power BI
5761947396,Oracle
5759283767,Machine Learning
5759289431,ETL
5731966544,Hive
5731966544,SQL
5731966544,ETL
5742845365,Go
2449398381,SQL
5726293535,Snowflake
5726293535,SQL
5726293535,ETL
5637668856,Oracle
2449398766,SQL
4397462772,Python
4397462772,Excel
4397462772,Airflow
5654565604,Power BI
5654565604,SQL
1714383026,Power BI
4801453452,GCP
4801453452,Deep Learning
4801453452,Spark
4801453452,Hadoop
4801453452,AWS
4801453452,Power BI
4801453452,Excel
4801453452,Python
4801453452,Hive
5630459928,SQL
5630459928,GCP
4762780079,Python
4762780079,Tableau
5067536947,ETL
5744258761,ETL
5758090151,SQL
5758090151,Oracle
5006473502,Scrum
5748526672,Excel
4694004919,Python
4694004919,Statistics
5722039756,Snowflake
5722039756,Power BI
5706890415,Excel
5694151165,SQL
5775570777,Python
5775570777,SQL
5775570777,ETL
5778210239,Machine Learning
5700561679,ETL
5700561679,SQL
5700561679,Azure
5700561679,Snowflake
5594505339,ETL
5594505339,SQL
5594505339,Azure
5594505339,Snowflake
2344120568,MySQL
2344120568,PHP
4664741360,AWS
4664741360,Python
4664741360,ETL
5630459934,SQL
5746063203,ETL
5782685641,GCP
5782685641,Airflow
5782685641,Snowflake
5782685641,ETL
5782685641,dbt
5782685641,AWS
5782685641,Looker
5782685641,Tableau
5782685641,BigQuery
5784728430,SQL
5784728430,ETL
5782520862,Airflow
5782520862,Snowflake
5782520862,ETL
5782520862,Python
5782520862,SQL
5741773922,ETL
4628119745,JavaScript
4628119745,React
5742844491,SQL
5742844491,ETL
5761953883,SQL
5761953883,ETL
5761948043,Snowflake
5761948043,Azure
5761948043,Kafka
5761948043,Kubernetes
5761948043,Java
5761948043,REST API
5761948043,Git
5221238063,AWS
5731954967,Python
5731954967,Power BI
5731954967,SQL
5731954967,Excel
5784691429,Snowflake
5720979720,SQL
5707958517,Agile
5784728422,SQL
5784728422,ETL
5768784990,Agile
5768793638,ETL
5742844383,Machine Learning
5742844383,Snowflake
5742844383,SQL
5768015029,VBA
5768015029,Power BI
5768015029,Excel
5768015029,SQL
5768015029,Oracle
5767332962,Power BI
5786180968,SQL
5786180968,Excel
2433361449,Go
2398472037,Excel
5604419908,SQL
5604419908,Excel
5211779275,Python
5211779275,Power BI
5211779275,SQL
5211779275,Tableau
5727264729,Python
5727264729,Power BI
5727264729,SQL
5727264729,Tableau
5728422548,Tableau
5728422548,Excel
5728422548,VBA
4686707835,NoSQL
4686707835,SQL
4686707835,Excel
4686707449,Excel
5767332960,Power BI
5767332960,ETL
4386563730,SQL
5727568145,Scrum
5727568145,Power BI
5727568145,Python
5727568145,SQL
5727568145,BigQuery
5731961160,Excel
2398472113,SQL
5731961139,Statistics
5161304220,Statistics
5161304220,Excel
5707433221,Machine Learning
5707433221,ETL
5677793266,SQL
5677793266,ETL
5543913591,Power BI
5543913591,SQL
5543913591,Excel
5731961179,Excel
5654565326,Power BI
5727248050,Excel
5771992144,Snowflake
5771992144,Azure
5771992144,Spark
5771992144,ETL
5771992144,AWS
5771992144,Redshift
5771992144,Python
5771992144,Scala
2381264980,Machine Learning
2381264980,Java
5727127361,Power BI
5727127361,Tableau
5727127361,Excel
5727127361,Python
5727127361,SQL
5679593296,A/B Testing
5606714668,Power BI
5606714668,Looker
5606714668,Tableau
5606714668,Excel
5728435370,SQL
5728435370,ETL
5731961198,Azure
5731961198,ETL
5756755635,C#
5756755635,.NET
5782686498,Git
5211779148,Power BI
5699844801,BigQuery
5699844801,ETL
5756755739,Statistics
5778138918,Power BI
5778138918,Tableau
5758416404,Azure
5758416404,ETL
5766299979,SQL
5766299979,Spark
5754822616,Airflow
5754822616,Snowflake
5754822616,Azure
5754822616,ETL
5754822616,SQL
5754822616,BigQuery
5754822616,Redshift
5759038035,Airflow
5759038035,Snowflake
5759038035,Azure
5759038035,ETL
5759038035,SQL
5759038035,BigQuery
5759038035,Redshift
5713404938,Airflow
5713404938,Spark
5713404938,ETL
5713404938,AWS
5713404938,Python
2171039989,React
2171039989,MongoDB
5691860343,ETL
5397768879,Excel
2500155500,Python
2500155500,Power BI
2500155500,SQL
2500155500,Tableau
5637668857,Oracle
5480887283,AWS
5480887283,Python
5480887283,Azure
5777073828,ETL
5777073828,Power BI
5777073828,Tableau
5777073828,Excel
5777073828,Python
5777073828,SQL
5777073828,Statistics
5760748165,Snowflake
5760748165,SQL
4988851226,Linux
4988851226,GCP
4988851226,Azure
4988851226,AWS
4988851226,Python
4988851226,SQL
5731966416,Machine Learning
5731966416,Deep Learning
5731966416,Spark
5731966416,Java
5731966416,Python
5731966416,SQL
5774237847,Power BI
5774237847,Tableau
5774237847,Excel
5774237847,VBA
5774237848,AWS
5774237848,Deep Learning
5774237848,Power BI
1171507819,Python
1171507819,SQL
1171507819,Spark
5458953672,Hadoop
5458953672,Hive
5458953672,SQL
5458953672,Spark
5785598337,Power BI
5785598337,Tableau
5785598337,ETL
5786032147,Agile
5747224248,Power BI
5747224248,Tableau
5747224248,Excel
5747224248,SQL
5747224248,Statistics
5744258755,ETL
5738530575,Machine Learning
5753464640,Airflow
5753464640,Snowflake
5753464640,Spark
5753464640,ETL
5753464640,AWS
5761953863,Python
5761953863,SQL
5761953863,ETL
5761953863,Snowflake
3017040280,MySQL
3017040280,PHP
5733608197,Agile
5733608197,JIRA
5694722861,ETL
5694722861,SQL
5694722861,Spark
5694722861,Azure
5734400121,AWS
5734400121,Tableau
5734400121,ETL
5734400121,Airflow
5393679428,Airflow
5393679428,Snowflake
5393679428,ETL
5393679428,dbt
5393679428,Python
5748527037,Azure
5202607067,AWS
5202607067,Spark
5202607067,ETL
5202607067,Redshift
5756758865,Machine Learning
5756758865,Azure
5756759018,Power BI
5503837634,Machine Learning
5740846864,Spark
5740846864,Azure
5740846864,ETL
5740846864,Python
5740846864,SQL
5784934093,SQL
5503837521,Azure
5503837521,ETL
5054256279,Snowflake
5054256279,Kafka
5054256279,ETL
5054256279,Power BI
5054256279,SQL
5675800764,Google Analytics
5449937396,ETL
5449937396,SQL
5449937396,Azure
5449937396,Snowflake
5741769081,Azure
5741769081,Power BI
5741769081,SQL
5741769081,Excel
5721970397,AWS
5721970397,ETL
5721970397,Redshift
5741769071,Power BI
5741769071,SQL
5741769071,ETL
2956624266,SQL
2956624266,Oracle
5750119286,Tableau
5756758861,GCP
5724790561,BigQuery
5724790561,GCP
5760327027,GCP
5742841145,SQL
5742841145,Spark
5742841145,ETL
5714256967,Tableau
5714256967,ETL
5697061665,Snowflake
5211779186,AWS
5548177257,C#
5548177257,.NET
5728385836,ETL
2349832292,Machine Learning
5688255371,Python
5688255371,ETL
5771011219,ETL
5453280856,C#
5453280856,.NET
5779646000,Python
5779646000,Spark
5638669126,CSS
5638669126,HTML
5638669126,JavaScript
5638669126,Java
5638669126,React
5638669126,C++
5638669126,Python
5728832583,ETL
5754232185,AWS
2577819034,SQL
2577819034,Java
5731788590,Python
5731788590,SQL
5731788590,Spark
5731788590,Scala
5786180977,ETL
5786195042,SQL
5786195042,ETL
3220530192,SQL
3220530192,Spark
5382880244,Snowflake
1575030887,Hadoop
1575030887,Hive
1575030887,Spark
5657199614,Snowflake
5657199614,Hadoop
5657199614,Azure
5657199614,Spark
5657199614,AWS
4171468211,ETL
2721354316,Hadoop
2721354316,Spark
2721354316,Kafka
2721354316,AWS
2721354316,Python
2721354316,SQL
5535797413,Python
5535797413,SQL
5535797413,Spark
5503837047,NoSQL
5503837047,Python
5503837047,SQL
5503837047,ETL
5197322517,AWS
5197322517,Python
2539490047,PostgreSQL
2539490047,NoSQL
2539490047,Airflow
2539490047,ETL
2539490047,AWS
2539490047,MySQL
2539490047,MongoDB
2539490047,Python
2539490047,SQL
2539490047,Docker
2830210888,Hadoop
2830210888,Spark
2830210888,Scala
3605574271,NoSQL
3605574271,Hadoop
3605574271,Spark
3605574271,Azure
3605574271,Kafka
3605574271,Python
3605574271,SQL
5056804973,Azure
5056804973,Spark
5786023530,JavaScript
5786023530,Python
5786023530,C++
5786023530,Java
4322836515,JavaScript
4322836515,Python
4322836515,ETL
4322836515,Java
2100653358,ETL
2100653358,Java
2100653358,AWS
2100653358,REST API
2100653358,Python
2100653358,SQL
5428590758,PostgreSQL
5428590758,Snowflake
5428590758,Spark
5428590758,Azure
5428590758,CI/CD
5428590758,SQL
5294954883,SQL
4514376973,Linux
4514376973,Airflow
4514376973,Spark
4514376973,ETL
4514376973,AWS
4514376973,MySQL
4514376973,MongoDB
4514376973,Python
4514376973,SQL
4514376973,Scala
4133108967,NLP
4133108967,Computer Vision
3214413067,AWS
3214413067,SQL
5285945019,Python
5285945019,Spark
5285945019,ETL
5285945019,Scala
5300412844,Azure
2403881204,Python
2403881204,NoSQL
2809242472,Python
2809242472,SQL
2809242472,ETL
5784727502,ETL
5784727502,SQL
5784727502,Azure
5768788766,ETL
5092226900,Spark
5092226900,GCP
5092226900,Airflow
5605949382,Python
5605949382,SQL
5605949390,Python
5605949390,SQL
5605949390,ETL
5767597411,AWS
5767597411,Python
5767597411,SQL
5767597411,Spark
5761949988,GCP
5761949988,Snowflake
5761949988,Azure
5761949988,ETL
5761949988,AWS
5761949988,C#
5761949988,Python
5761949988,SQL
5761949988,BigQuery
5761949988,Redshift
5756760701,Python
5756760701,Spark
5756760701,Kafka
5778430832,Spark
5778430832,Azure
5778430832,Kafka
5778430832,MongoDB
5778430832,Python
5778430832,SQL
2658062589,ETL
5778132082,Python
5778132082,SQL
1526985580,Hadoop
1526985580,Python
1526985580,Spark
1526985580,ETL
5726382647,Kubernetes
5726382647,Python
5726382647,SQL
5726382647,Snowflake
5211779167,NoSQL
5211779167,Snowflake
5211779167,ETL
5211779167,AWS
5211779167,Python
5211779167,SQL
5211779167,Agile
5324828584,NoSQL
5324828584,AWS
5324828584,MySQL
5324828584,MongoDB
5324828584,Redshift
5324828584,Python
5324828584,SQL
5324828584,Scala
2320381796,Python
5761948015,ETL
5742519348,R
2325243181,Spark
2325243181,Kafka
2325243181,ETL
2325243181,Java
2325243181,Python
2325243181,Hive
2325243181,Scala
5742614733,GCP
5742614733,Spark
5742614733,ETL
5742614733,Python
5742614733,SQL
5728578734,ETL
2570069904,Airflow
2570069904,Django
2570069904,Git
2570069904,Python
2570069904,SQL
3035278448,Hadoop
3035278448,Spark
3035278448,ETL
3035278448,Python
3035278448,Hive
3035278448,SQL
5759287661,SQL
5759287661,ETL
5658748634,Azure
5756754126,Machine Learning
3193348224,Hadoop
3193348224,Spark
3193348224,Kafka
3193348224,MySQL
3193348224,MongoDB
3193348224,Redis
3193348224,NoSQL
3193348224,Hive
3193348224,SQL
3193348224,Statistics
3193348224,Oracle
1422966740,ETL
1216444803,Go
1216444803,Hadoop
1216444803,Spark
1216444803,Kafka
1216444803,ETL
1216444803,NoSQL
1216444803,Hive
5774368987,AWS
5774368987,SQL
5774368987,Redshift
5774368987,Airflow
2349831687,AWS
2349831687,SQL
2373548844,ETL
3214410924,Google Analytics
3214410924,ETL
3262154929,Snowflake
3262154929,Azure
3262154929,Spark
3262154929,ETL
3262154929,AWS
3262154929,Redshift
3262154929,Python
3262154929,SQL
3262154929,Scala
5159162084,AWS
5159162084,Python
5159162084,Spark
4344577880,AWS
4344577880,Python
1881279594,Python
1881279594,ETL
5780523164,Machine Learning
5774396653,Machine Learning
5708032946,Python
5708032946,SQL
5708032946,ETL
5211779114,SQL
1498738423,Power BI
1498738423,SQL
1498738423,Tableau
1171506822,GCP
4693638115,Azure
4693638115,Excel
5761956028,SQL
5761956028,Angular
3138985402,Python
3138985402,ETL
4992020478,Machine Learning
1541410750,AWS
1541410750,Python
1541410750,Java
2115051617,Linux
2115051617,GCP
2115051617,CI/CD
2115051617,AWS
2115051617,Jenkins
2177265227,Snowflake
2177265227,Spark
2177265227,AWS
2177265227,Redshift
2177265227,Python
2177265227,Scala
1733428571,Spark
1733428571,.NET
1733428571,Java
1733428571,C++
1733428571,C#
1733428571,Python
1776219124,Spark
4727380970,Power BI
4727380970,Tableau
5386169762,NoSQL
5386169762,Flask
5386169762,Azure
5386169762,ETL
5386169762,AWS
5386169762,Git
5386169762,Python
5386169762,SQL
5211779075,Snowflake
5211779075,Spark
5211779075,CI/CD
5211779075,AWS
5211779075,Git
5211779075,Python
5211779075,SQL
2921027355,Python
2921027355,SQL
2921027355,Spark
2526321575,AWS
2526321575,Azure
3214413062,Spark
3214413062,ETL
3214413062,AWS
3214413062,Redshift
3214413062,Python
3214413062,Scala
3214413065,Spark
5741727008,Spark
5741727008,Azure
5741727008,Python
5741727008,SQL
5741727008,Scala
5740847033,Spark
5740847033,Azure
5740847033,Python
5740847033,SQL
5740847033,Scala
5756760718,Python
5756760718,Spark
5756760718,Kafka
2596299368,Airflow
2596299368,Spark
2596299368,AWS
2596299368,Redshift
2596299368,Python
2596299368,SQL
2596299368,Scala
5775348578,R
5776750024,R
5761948020,ETL
2036169651,AWS
2036169651,Spark
2036169651,Airflow
4590721334,Snowflake
4590721334,Azure
4590721334,Java
4590721334,AWS
4590721334,JIRA
4590721334,Python
4590721334,SQL
4590721334,Scala
3262154955,AWS
3262154955,SQL
5740846714,Python
5740846714,Power BI
5740846714,Azure
5740846714,Spark
5787270351,SQL
2292874955,SQL
2292874955,PostgreSQL
2292874955,Azure
2490177025,Agile
2658063391,GCP
2658063391,Spark
2658063391,Azure
2658063391,AWS
2658063391,Scala
4686707274,NoSQL
4686707274,SQL
4686707274,ETL
4686707274,Java
5773100155,Python
5773100155,Spark
5781559691,AWS
5781559691,SQL
5781559691,Spark
5785598333,Azure
5727166073,Python
5727166073,SQL
5727166073,Spark
5727166073,Azure
5755712442,Machine Learning
5722550594,Airflow
5722550594,PHP
5722550594,Snowflake
5722550594,AWS
5722550594,Python
5722550594,SQL
5701148613,SQL
5701148613,GCP
5701148613,BigQuery
5701148613,Airflow
5779499324,SQL
5779499324,GCP
5353180776,Spark
5353180776,ETL
5353180776,AWS
5353180776,Power BI
5353180776,Tableau
5353180776,Python
5353180776,SQL
5353180776,Redshift
5768789042,Python
5768789042,SQL
5768789042,GCP
5768789042,BigQuery
5719033133,Python
5719033133,SQL
5779829443,SQL
5779829443,GCP
5695230467,GCP
5695230467,Spark
5695230467,ETL
5695230467,SQL
5695230467,BigQuery
2234827727,Machine Learning
2234827727,Deep Learning
5620684289,ETL
5740948810,GCP
5740948810,Airflow
5740948810,Java
5740948810,Python
5740948810,BigQuery
5755662038,Python
5755662038,SQL
5755662038,ETL
4819767261,Hadoop
4819767261,Spark
4819767261,Java
4819767261,Python
4819767261,Hive
2887278622,Power BI
2887278622,Azure
5782465862,R
5763207237,Python
5763207237,ETL
5785771598,ETL
5784354248,Snowflake
5509469548,AWS
5509469548,Linux
5594508043,ETL
5782687730,Linux
5782687730,Python
5782687730,SQL
5782687730,Spark
5777263782,AWS
5777263817,AWS
4625208425,AWS
5775259763,Python
5775259763,SQL
5775259763,ETL
5775259763,Snowflake
5727169683,Azure
5744257783,Spark
5773546490,Python
5773546490,SQL
5745090436,Azure
5745090436,ETL
5163125166,GCP
5163125166,NoSQL
5163125166,Airflow
5163125166,ETL
5163125166,Java
5163125166,Python
5163125166,SQL
5163125166,BigQuery
5720633019,Oracle
5720633019,ETL
5699758195,Python
5723304348,Oracle
5723304348,ETL
5734648284,SQL
5734648284,GCP
5734648284,ETL
5702287217,AWS
5645500411,GCP
5778440990,ETL
5774583554,AWS
5765742538,AWS
5703292124,Python
5777263117,Snowflake
5778446705,SQL
5778446705,Spark
5778446705,ETL
5738056977,R
2809247230,Machine Learning
2809247230,Python
2809247230,SQL
2809247230,Tableau
5713353377,Python
4978958853,MySQL
4978958853,R
4978958853,SQL
4978958853,ETL
5770252415,Python
5770252415,ETL
5701686209,Linux
5784312425,ETL
4450345199,AWS
4450345199,Python
4450345199,Azure
4450345199,Spark
5775397075,Python
1155089293,Hadoop
1155089293,Spark
1155089293,Kafka
1155089293,ETL
1155089293,MongoDB
1155089293,NoSQL
1155089293,Hive
5761953274,Snowflake
5761953274,Spark
5761953274,Azure
5761953274,Hadoop
5761953274,Java
5761953274,Kafka
5761953274,Python
5761953274,SQL
1155089164,Python
1155089164,scikit-learn
4344578462,Hadoop
5155774178,GCP
5495463183,Python
5503375267,GCP
1727099553,Python
1727099553,Azure
1727099553,Spark
1727099553,Scala
2870616052,AWS
2870616052,GCP
5587469004,ETL
5587468928,ETL
5718271467,Azure
5718271467,Spark
5718271467,ETL
1187972100,Machine Learning
1187972100,Deep Learning
1187972100,Statistics
5442082869,Go
5442082869,Airflow
5442082869,Spark
5442082869,Kafka
5442082869,Java
5442082869,Node.js
5442082869,Python
5442082869,Hive
5442082851,Go
5442082851,Airflow
5442082851,Spark
5442082851,Kafka
5442082851,Java
5442082851,Node.js
5442082851,Python
5442082851,Hive
3104612704,Agile
5728293287,ETL
5728293287,Python
5728293287,Excel
5728293287,Airflow
5739309307,Machine Learning
5734648235,Hadoop
5734648235,Spark
5734648235,ETL
5734648235,Python
5734648235,SQL
5782609338,Azure
1155088982,Machine Learning
1155088982,Go
1155088318,Machine Learning
5750979456,R
2160609545,Excel
5784728903,Azure
1171508779,Python
5251314598,Machine Learning
4967924474,Agile
2577819580,Java
5740848974,ETL
5765995573,AWS
1509166857,AWS
1509166857,JavaScript
1509166857,Node.js
1509166857,Java
1177314487,Python
1177314487,MongoDB
1177314497,Python
1177314497,MongoDB
1614509238,JavaScript
1614509238,Node.js
1614509238,Angular
5737929690,Python
5737929690,React
5737929690,JavaScript
2539490811,JavaScript
2539490811,Node.js
5578908154,Python
3384829298,Python
4837815406,Machine Learning
4837815406,Deep Learning
5728404033,Python
2126904834,JavaScript
2126904834,Node.js
2126904834,React
2126904834,Go
5748527078,BigQuery
5748527078,GCP
5748527078,ETL
5748527078,Airflow
5780830761,Machine Learning
5777078902,Machine Learning
5782689347,GCP
5782689347,Azure
5782689347,Spark
5782689347,Hadoop
5782689347,AWS
5782689347,Python
5782689347,SQL
5748527126,Azure
5752413295,GCP
5752413295,Spark
5752413295,Python
5752413295,SQL
5752413295,BigQuery
5766336487,PostgreSQL
5766336487,NoSQL
5766336487,Spark
5766336487,ETL
5766336487,MySQL
5766336487,MongoDB
5766336487,Python
5766336487,SQL
5767360834,Machine Learning
5767360834,Python
5767360834,Deep Learning
5767360834,GCP
5748539084,AWS
5748539084,Python
5748539084,SQL
5748539084,Spark
5739954297,ETL
5744085075,Hadoop
5778696445,Machine Learning
5748526748,CSS
5748526748,HTML
5748526748,JavaScript
5748526748,ETL
5748526748,Python
5748526748,SQL
5756758900,AWS
5756758900,Python
5774236633,AWS
5774236633,Python
5761421057,Python
5761421057,Azure
5746212517,Python
5767425223,Hadoop
5767425223,Spark
5767425223,Kubernetes
5767425223,Airflow
5745209643,GCP
5716181919,Spark
5759556090,Python
5759556090,dbt
5759556090,Airflow
5759283074,Machine Learning
5759283074,NLP
5139641340,Hadoop
5139641340,Hive
5139641340,Spark
5748527117,BigQuery
5748527117,GCP
5778006438,GCP
5767360797,GCP
5756758879,BigQuery
5756758879,GCP
5748527081,GCP
5748527081,Agile
5748527059,Python
5787173160,JIRA
5787173160,Agile
5787173160,Scrum
5722397113,Machine Learning
5722397113,Power BI
5722397113,Tableau
5722397113,A/B Testing
5748527106,GCP
5727646198,Snowflake
5727646198,ETL
5748527087,GCP
5748527087,Agile
5756758851,GCP
5756758851,Agile
5745209645,GCP
5773092563,Oracle
5756758916,Python
5740947719,Machine Learning
5740947719,Deep Learning
5780830763,AWS
5780830763,Django
5780830763,React
5748527107,Machine Learning
5748527107,Scala
5756758909,Machine Learning
5756758909,Scala
5748527036,NoSQL
5756758897,NoSQL
5701847957,VBA
5701847957,Excel
5701847957,Go
5748527079,Python
5748527079,React
5748527079,Scrum
5125243593,Machine Learning
5778005115,Snowflake
5744382099,Python
5744382099,CI/CD
5744382099,GCP
5744382099,ETL
5655894386,Agile
5008443987,Python
5008443987,Spark
4181584689,PostgreSQL
4181584689,Spark
4181584689,ETL
4181584689,AWS
4181584689,Python
4181584689,SQL
5775778698,GCP
5775778698,Airflow
5775778698,ETL
5775778698,SQL
5775778698,BigQuery
2292874910,Python
2292874910,SQL
2292874910,Azure
2042125197,GCP
2042125197,Spark
2042125197,Java
2042125197,AWS
2042125197,Python
2042125197,SQL
2042125197,Scala
5782877427,Python
5782877427,Power BI
5782877427,SQL
4583417715,Azure
4583417715,ETL
2691493903,Python
2691493903,SQL
2691493903,Azure
5768784908,ETL
5768784932,ETL
5718156432,GCP
5718156432,Airflow
5718156432,Spark
5718156432,ETL
5718156432,Hive
5718156432,SQL
5761151890,Python
5761151890,ETL
5761151890,Snowflake
1788701054,NoSQL
1788701054,Spark
1788701054,Hadoop
1788701054,Kafka
1788701054,Java
1788701054,AWS
1788701054,C++
1788701054,Python
1788701054,SQL
1788701054,Statistics
1788701054,Scala
4344577704,AWS
4344577704,Python
4344577704,Spark
4344577704,Snowflake
5774396665,Machine Learning
4344577640,AWS
4344577640,Spark
4629274233,ETL
4344577343,AWS
4344577343,Python
4344577343,Spark
4344577343,Snowflake
4155042811,Azure
3151738852,Snowflake
3151738852,Spark
3151738852,Azure
3151738852,CI/CD
3151738852,Git
3151738852,Python
3151738852,SQL
3151738852,Scala
2288271734,Hadoop
2288271734,Spark
2288271734,Java
2288271734,Git
2288271734,Jenkins
2288271734,Hive
2288271734,SQL
5709697606,Python
5709697606,SQL
5709697606,Spark
5709697606,Airflow
5438666785,Azure
5438666785,Spark
5438666785,ETL
5778005111,Snowflake
5718168147,Machine Learning
5718168147,Python
5718168147,Spark
5718168147,ETL
5719113883,Machine Learning
5719113883,Python
5719113883,Spark
5719113883,ETL
5671117602,AWS
3675927995,Snowflake
3675927995,Spark
3675927995,AWS
3675927995,Python
3675927995,Scala
2880510404,NoSQL
2880510404,Spark
2880510404,ETL
2880510404,AWS
2880510404,Redshift
2880510404,Python
2880510404,SQL
2880510404,Scala
1584344253,SQL
3812502540,Snowflake
3812502540,Hadoop
3812502540,Spark
3812502540,AWS
3812502540,Python
3812502540,Hive
3812502540,Scala
5784971354,Python
5784971354,SQL
5784971354,Spark
5784971354,Azure
5743824784,Python
5743824784,SQL
5708033017,Machine Learning
5756760645,AWS
5756760645,ETL
5784961032,Airflow
5784961032,Snowflake
5784961032,ETL
5784961032,Python
5784961032,SQL
5294954265,Python
5294954265,GCP
5294954265,ETL
5756760658,AWS
5756760658,Python
5782481212,Azure
5768789159,Python
5768789159,SQL
5768789159,GCP
5768789159,BigQuery
5322590809,AWS
5717268066,Machine Learning
5768550707,AWS
5768550707,dbt
5677794551,Snowflake
5677794551,Spark
5677794551,AWS
5677794551,Python
5677794551,Scala
5770460392,MySQL
5770460392,Azure
5770460392,ETL
5728832601,ETL
5742845642,AWS
5742845642,Python
5742845642,SQL
5742845642,ETL
5780830762,Machine Learning
5726293453,AWS
5726293453,Scala
5505884334,AWS
5778697058,Statistics
5778697058,Oracle
5778451340,AWS
5778451340,Redshift
5690242227,Spark
5690242227,Azure
5690242227,CI/CD
5690242227,Python
5690242227,Hive
5690242227,SQL
5690242227,Scala
4344577823,Hadoop
4344577823,Spark
4344577823,Python
4344577823,Hive
4344577823,Scala
5756755886,Azure
5756755886,ETL
5758416389,Python
5758416389,SQL
4839916056,SQL
4839916056,Tableau
5164935645,Python
5164935645,SQL
5727218898,Spark
5742841102,ETL
5742841102,SQL
5742841102,Azure
5015516185,Python
5606556659,ETL
5606556659,Python
5606556659,SQL
5606556659,Azure
2921027388,Spark
3582947473,Power BI
3582947473,SQL
5748527706,PostgreSQL
5748527706,Airflow
5748527706,Spark
5748527706,Hadoop
5748527706,Kafka
5748527706,ETL
5748527706,AWS
5748527706,MySQL
5748527706,Python
5748527706,SQL
5748527706,Scala
5423085420,AWS
5423085420,Python
5423085420,SQL
5540737759,Azure
5211779083,AWS
5211779083,Python
5211779080,AWS
5211779080,Python
5259134053,SQL
5259134053,Spark
5259134053,Azure
5727275550,ETL
5727275550,AWS
5727275550,Git
5727275550,Python
5727275550,SQL
4983089516,Spark
4983089516,ETL
4983089516,AWS
4983089516,Python
4983089516,SQL
4983089516,Redshift
5503388765,GCP
2210352546,Spark
2210352546,Kafka
4686707046,Spark
4686707046,Hadoop
4686707046,Java
4686707046,AWS
4686707046,C++
4686707046,Redshift
4686707046,Python
4686707046,Hive
4686707046,SQL
4686707046,Scala
4686701531,AWS
4332005258,AWS
2179591074,Python
2179591074,SQL
2179591074,Spark
2179591074,Azure
4013435079,ETL
3734693780,AWS
3734693780,SQL
5732221877,GCP
5732221877,PostgreSQL
5732221877,ETL
5732221877,MySQL
5732221877,Python
5732221877,SQL
5732221877,BigQuery
5720633016,Oracle
5720633016,ETL
5779252777,CI/CD
5757454624,Machine Learning
5723356671,Oracle
5723356671,ETL
5680047957,GCP
5680047957,Azure
5680047957,ETL
5680047957,AWS
5680047957,BigQuery
5750081650,Snowflake
5750081650,Power BI
5750081650,SQL
5627301842,Airflow
5627301842,Spark
5627301842,Azure
5627301842,Python
5627301842,SQL
5703372212,AWS
5699757575,AWS
5745231629,AWS
5748891898,AWS
5751594893,AWS
5747218213,AWS
5766336081,AWS
5751594793,AWS
5751594621,AWS
5787127016,Snowflake
5787127016,SQL
5787127016,ETL
5686848317,AWS
5758089583,AWS
5776017802,AWS
5745231587,AWS
5739045862,Linux
5743025807,AWS
5751594606,AWS
5726293698,AWS
4171469357,Statistics
4171469361,Statistics
5741914366,AWS
5760403775,Angular
5760403775,CSS
5760403775,HTML
5760403775,JavaScript
5760403775,Django
5760403775,Python
5751594968,AWS
5751595005,AWS
4171469355,Statistics
4171469453,Statistics
4514375957,Machine Learning
5515447149,AWS
5517162026,AWS
2539490275,Machine Learning
2539490275,ETL
2539490275,AWS
2539490275,Git
2539490275,Statistics
5787828308,Agile
5785772703,Machine Learning
5785999399,Python
5785999399,SQL
5785999399,ETL
5775570812,Power BI
5775570812,SQL
5775570812,Spark
5775570812,ETL
5785716562,Git
5785716562,Azure
5785716562,Spark
5785716562,Scala
5470785216,GCP
5470785216,Azure
5470785216,Spark
5470785216,AWS
5470785216,SQL
5470785216,BigQuery
5470785216,Scala
5742848446,SQL
5001819517,Python
5001819517,SQL
5001819517,Spark
5374613563,Snowflake
5374613563,SQL
5374613563,ETL
5518597092,SQL
5518597092,ETL
5784360001,SQL
5784360001,Azure
5760748353,AWS
5760748353,Python
5760748353,Spark
5760748353,Redshift
5760748147,Hadoop
5760748147,Python
5760748147,Spark
5727282535,Spark
5727282535,ETL
4431302459,AWS
4431302459,Linux
4431302459,SQL
4431302459,Java
5211779283,Snowflake
5211779283,Spark
5211779283,AWS
5211779283,Python
5211779283,Scala
3433221893,SQL
3433221893,Spark
3433221893,ETL
3433221893,Scala
5774223882,Airflow
5774223882,Snowflake
5774223882,Spark
5774223882,AWS
5774223882,Python
5774223882,Hive
5774223882,SQL
5765326939,Python
5765326939,Power BI
5765326939,SQL
5731966398,Python
5731966398,Scala
5731966398,SQL
5731966398,Java
5616947405,ETL
5616947405,SQL
5616947405,Azure
2349832168,GCP
2349832168,Airflow
2349832168,Spark
2349832168,Hadoop
2349832168,Kafka
2349832168,Java
2349832168,AWS
2349832168,MySQL
2349832168,MongoDB
2349832168,Redshift
2349832168,Python
2349832168,Hive
2349832168,BigQuery
2349832168,Scala
1171507432,Oracle
1171507432,SQL
1171507432,ETL
4265809951,CSS
4265809951,HTML
4265809951,JavaScript
4265809951,Django
4265809951,Flask
4265809951,Python
2542439538,GCP
2542439538,JavaScript
2542439538,Spark
2542439538,Hadoop
2542439538,Java
2542439538,AWS
2542439538,Python
2542439538,SQL
2292880520,Machine Learning
2292880520,Kafka
5742841374,AWS
5742841374,Python
5742841374,SQL
5742841374,Java
5754800203,AWS
5754800203,Python
5774237859,GCP
5774237859,Machine Learning
5774237859,Azure
5774237859,Spark
5774237859,AWS
5774237859,Power BI
5774237859,Tableau
5774237859,Python
5774237859,SQL
5757398902,Power BI
5757398902,Tableau
5757398902,Azure
5784052917,GCP
5773001714,Snowflake
5773001714,SQL
5773001714,ETL
5518596985,SQL
5518596985,ETL
5518596933,SQL
5750260045,GCP
5750260045,Airflow
5750260045,Spark
5750260045,ETL
5750260045,Python
5750260045,SQL
5750260045,BigQuery
5519841671,SQL
5519841671,ETL
5518597009,Power BI
5518597009,SQL
5518597037,SQL
5518596914,AWS
5518596914,SQL
5518596914,Azure
5727092252,AWS
5784291399,Python
5784291399,Flask
5773363632,Azure
5627352900,Azure
5577459017,ETL
5577459017,SQL
5577459017,Kafka
5577459017,Azure
5498359804,Azure
5704832255,Azure
5677793295,Azure
5760759373,GCP
5760759373,ETL
5760759373,Python
5760759373,SQL
5760759373,BigQuery
5744382103,Spark
5744382103,Kafka
5744382103,ETL
5744382103,Kubernetes
5744382103,AWS
5744382103,Python
5744382103,SQL
5744382103,Redshift
5734647972,Azure
4872523795,Azure
5748527082,BigQuery
5748527082,GCP
5748527082,ETL
5748527082,Airflow
5782690080,GCP
5782690080,Snowflake
5782690080,Azure
5782690080,Kafka
5782690080,ETL
5782690080,AWS
5782690080,BigQuery
5782690080,Redshift
5662845730,AWS
5662845730,SQL
5760748357,AWS
5773094602,SQL
5773094602,Spark
5773094602,Oracle
5773094602,Scala
5116934890,NoSQL
5116934890,Spark
5116934890,ETL
5116934890,AWS
5116934890,Python
5116934890,SQL
5219245271,AWS
5219245271,Redshift
5727425553,Snowflake
5727425553,ETL
5596777508,Snowflake
5596777508,ETL
5721108634,NoSQL
5721108634,SQL
5721108634,Azure
5756758906,Azure
5374613573,Snowflake
5374613573,SQL
5374613573,ETL
5694713305,R
5513865443,ETL
5513865443,SQL
5513865443,Spark
5513865443,Azure
5211779087,Python
5211779087,Scala
5211779087,Java
2956624525,Hadoop
2956624525,Hive
2956624525,Spark
2956624525,Kafka
5761946750,Azure
5416719996,AWS
5416719996,SQL
5416719996,Spark
5416719996,ETL
5782689335,GCP
5782689335,Azure
5782689335,Spark
5782689335,Hadoop
5782689335,AWS
5782689335,Python
5782689335,SQL
5742841428,Airflow
5742841350,Hadoop
5742841350,Spark
5742841350,Java
5742841350,Python
5742841350,Scala
5748527113,AWS
5748527113,Machine Learning
5361554645,Spark
3914008422,Azure
2509165052,PostgreSQL
2509165052,NoSQL
2509165052,Spark
2509165052,ETL
2509165052,MySQL
2509165052,Python
2509165052,SQL
5438416210,JavaScript
5438416210,SQL
5438416210,Snowflake
5731955307,Airflow
5731955307,Snowflake
5731955307,Spark
5731955307,Kafka
5731955307,AWS
5731955307,Python
5731955307,Hive
5731955307,SQL
5731954902,Airflow
5731954902,Snowflake
5731954902,Spark
5731954902,AWS
5731954902,Python
5731954902,Hive
5731954902,SQL
5742844296,Snowflake
5742844296,Spark
5742844296,ETL
5742844296,AWS
5742844296,Python
5742841281,Spark
5742841281,Kubernetes
5742841281,Scala
5742841280,GCP
5748527109,Agile
5748527136,Azure
5756758904,Azure
5761695213,Airflow
5761695213,Snowflake
5761695213,Hadoop
5761695213,Spark
5761695213,AWS
5761695213,Jenkins
5761695213,JIRA
5761695213,Python
5761695213,Hive
5761695213,Git
5761695213,Agile
5507741219,SQL
5507741219,ETL
5760759479,AWS
5784972197,AWS
5777263833,AWS
5774397193,Snowflake
5784972219,Snowflake
5774999940,Power BI
5774999940,SQL
5774999940,Tableau
5768346557,AWS
5768346557,Azure
5768346557,ETL
5762138943,Agile
5753194518,Power BI
5753194518,Excel
5787964879,Agile
5779300367,Excel
5776258485,Machine Learning
4493479600,Statistics
2536790415,Machine Learning
2992079462,Machine Learning
5329694830,Python
5404307320,Machine Learning
5447797233,Machine Learning
2210352942,Machine Learning
1171506806,Machine Learning
3115911635,Machine Learning
3115911635,Python
3115911635,SQL
4521451905,Machine Learning
5503838209,Machine Learning
2563331072,Machine Learning
5777078899,Machine Learning
5777078899,Python
5777078899,SQL
5740847497,Machine Learning
5740847497,GCP
5748519119,Machine Learning
3345106502,Machine Learning
4514376731,SQL
1171506865,GCP
2123886640,Hadoop
2123886640,Tableau
2123886640,Python
2123886640,SQL
2123886640,BigQuery
1577157209,Python
1577157209,SQL
5324828544,NLP
2214920287,Machine Learning
2214920287,Python
2286364449,Machine Learning
2286364449,Deep Learning
2286364449,TensorFlow
2286364449,NLP
2286364449,Computer Vision
2286364449,PyTorch
2286364449,Python
5727255283,Statistics
5775777137,Machine Learning
5780540516,Agile
3104612698,Deep Learning
3104612698,Computer Vision
2373548974,Machine Learning
2373548974,Deep Learning
2373548974,R
2373548974,Computer Vision
2373548974,Python
2373548974,Statistics
5294954876,Machine Learning
5294954876,Power BI
5294954876,Excel
5294954876,Python
5294954876,SQL
1171508613,Machine Learning
1171508613,Python
1171508613,Statistics
1171507560,Machine Learning
3138985421,Machine Learning
5740848936,Azure
2149341505,Machine Learning
2149341505,Python
2149341505,SQL
2149341505,JavaScript
3138985678,Python
5772546126,Python
5744088797,scikit-learn
5744088797,Machine Learning
5744088797,TensorFlow
5744088797,PyTorch
5744088797,Python
5657222653,Machine Learning
5657222653,Python
5657222653,SQL
5761947271,Machine Learning
5761947271,Python
5761947271,Azure
1455832759,Machine Learning
1455832759,JavaScript
1455832759,Statistics
2468164036,Machine Learning
2468164036,Deep Learning
2468164036,Computer Vision
3138985690,Machine Learning
3138985690,NLP
5553911456,Python
5553911456,SQL
5553911456,ETL
3525937573,Agile
4514376006,Statistics
5504438046,Machine Learning
5504438046,Python
5504438046,Power BI
5504438046,Tableau
2766490909,Machine Learning
2766490909,Deep Learning
2766490909,TensorFlow
2766490909,NLP
2766490909,Computer Vision
2766490909,PyTorch
2766490909,C++
2766490909,Python
5120360652,Python
5120360652,Deep Learning
5740846528,Machine Learning
5740846528,Deep Learning
5765034297,Machine Learning
5771700418,Machine Learning
5750923094,Machine Learning
5768790875,Machine Learning
5776242217,Machine Learning
5751599198,Machine Learning
5731976063,Python
5731976063,Power BI
5731976063,Tableau
5731976063,Statistics
5731976291,Machine Learning
5731976291,Python
5731976291,NLP
4514376820,Machine Learning
2282770550,Machine Learning
5739309312,Machine Learning
1165416270,Machine Learning
4408712816,Machine Learning
4408712816,Python
5719704172,Machine Learning
5632723021,Machine Learning
5738418960,Machine Learning
5730959206,Machine Learning
5730959206,Statistics
5769821803,Machine Learning
5766336864,Machine Learning
2853928316,Machine Learning
2853928316,Computer Vision
1608508466,Machine Learning
1608508466,Computer Vision
5759284136,Machine Learning
5778215722,Machine Learning
5731756618,Machine Learning
4344578463,Machine Learning
5774999899,scikit-learn
5774999899,Machine Learning
5774999899,TensorFlow
5774999899,Hadoop
5774999899,Spark
5774999899,Kafka
5774999899,PyTorch
5774999899,Python
2635526469,Keras
2635526469,scikit-learn
2635526469,Machine Learning
2635526469,TensorFlow
2635526469,REST API
2635526469,Python
2635526469,Docker
4885249969,Machine Learning
5740849254,Deep Learning
5759283289,Machine Learning
5759283289,Deep Learning
5759283289,TensorFlow
5759283289,PyTorch
5759283289,C++
5759283289,Python
5759283289,Statistics
5727193295,Deep Learning
5727193295,Computer Vision
4988851172,Statistics
3949357008,NoSQL
3949357008,Machine Learning
3949357008,Hadoop
3949357008,Spark
3949357008,Python
3949357008,SQL
3949357008,Statistics
3949357008,Scala
1171507772,Hadoop
1171507772,Spark
1171507772,C++
1171507772,Python
1171507772,Scala
5727221007,Machine Learning
5727221007,Python
5727221007,Spark
4590722018,NoSQL
4590722018,Machine Learning
4590722018,Deep Learning
4590722018,Hadoop
4590722018,Spark
4590722018,Python
4590722018,SQL
4590722018,Statistics
4590722018,Scala
4451646441,Machine Learning
4451646441,Deep Learning
4451646441,NLP
5740846502,Keras
5740846502,TensorFlow
5740846502,Django
5740846502,Azure
5740846502,AWS
5740846502,PyTorch
5740846502,Statistics
5740846472,Keras
5740846472,Flask
5740846472,TensorFlow
5740846472,Django
5740846472,Azure
5740846472,Spark
5740846472,AWS
5740846472,PyTorch
5740846472,Statistics
4950142330,Statistics
5692863719,Statistics
1846500973,Statistics
4590721240,Machine Learning
4590721240,Deep Learning
5739309313,Machine Learning
5786026939,Machine Learning
5786026939,Statistics
4801585294,Machine Learning
4801585294,Deep Learning
4801585294,NLP
5708801771,Machine Learning
5708801771,Deep Learning
5708801771,PyTorch
5708801771,Computer Vision
5740848304,Machine Learning
5740848304,Deep Learning
5740848304,PyTorch
5740848304,Computer Vision
5742537055,Machine Learning
5742537055,Deep Learning
5742537055,PyTorch
5742537055,Computer Vision
5768789179,Python
5768789179,Spark
4992020365,Machine Learning
3468845956,Hadoop
3468845956,Spark
3468845956,Java
3468845956,Python
3468845956,Statistics
4988851170,Python
4988851170,SQL
5410820916,Keras
5410820916,TensorFlow
5410820916,Spark
5410820916,PyTorch
5410820916,Python
5410820916,Statistics
5410820916,SPSS
1728459438,Machine Learning
5766336489,Machine Learning
5766336489,Deep Learning
5761955542,Machine Learning
5780829590,Machine Learning
5780829590,Python
5765340776,Machine Learning
5335620621,TensorFlow
5335620621,PyTorch
5335620751,TensorFlow
5335620751,PyTorch
5759289150,Machine Learning
5759289150,Deep Learning
5759289150,SQL
4801432453,Machine Learning
4801432453,Statistics
5761955750,Keras
5761955750,Machine Learning
5761955750,Deep Learning
5761955750,TensorFlow
5761955750,PyTorch
5761955750,Python
5740849071,Deep Learning
5742792880,Deep Learning
5629158876,Python
5740849399,Machine Learning
5787270073,Keras
5787270073,TensorFlow
5787270073,Spark
5787270073,PyTorch
5787270073,Python
5787270073,Statistics
5787270073,SPSS
5745090397,Machine Learning
2890607784,Python
4509612016,Machine Learning
5767397734,Machine Learning
5090173003,Machine Learning
5738206408,Machine Learning
5713353462,Machine Learning
5713353462,Python
5713353462,GCP
5713353462,Computer Vision
5713353457,Machine Learning
5713353457,Python
5713353457,GCP
5713353457,Computer Vision
5474221230,Python
5474221230,SQL
5474221230,GCP
5666055196,Python
5666055196,SQL
5666055196,GCP
5761948106,Machine Learning
5766336492,GCP
5766336492,Airflow
5766336492,Azure
5766336492,Spark
5766336492,Kubernetes
5766336492,AWS
5779645004,AWS
5779645004,Machine Learning
5779645004,Azure
5693904646,Python
5761948230,Machine Learning
5453612268,SQL
5453612268,Oracle
5785588033,Machine Learning
5726293781,Machine Learning
5764490663,Machine Learning
5263366617,scikit-learn
5263366617,Machine Learning
5263366617,TensorFlow
5263366617,PyTorch
5263366617,Python
5729840677,Python
5729840677,SQL
5729840677,GCP
5729840677,BigQuery
2830210779,Machine Learning
3044593376,SQL
3044593376,Spark
2751438375,PHP
2751438375,JavaScript
2751438375,Django
2751438375,Node.js
2751438375,MongoDB
2751438375,Python
3949356924,Machine Learning
5766336496,GCP
5766336496,Spark
5766336496,Kafka
5766336496,AWS
5766336496,Python
5426010888,Python
5426010888,GCP
5761955441,Machine Learning
5761955441,Deep Learning
5761955441,Computer Vision
5680958892,Python
5680958892,GCP
5731976272,Machine Learning
5731976272,Python
5731976272,NLP
1229891739,Machine Learning
1229891739,Statistics
4514376170,Statistics
1299755790,Statistics
4344579006,Machine Learning
4344579006,Statistics
4801490502,Machine Learning
4344578472,Machine Learning
1171507110,Machine Learning
1171507110,Deep Learning
1171507110,NLP
4097421025,Machine Learning
1161627550,Machine Learning
1161627550,Python
1161627550,Deep Learning
1161627550,NLP
5734383541,Machine Learning
5734383541,Computer Vision
5767397709,Power BI
1758180490,Keras
1758180490,Deep Learning
1758180490,TensorFlow
1758180490,Computer Vision
1758180490,PyTorch
5734337124,Machine Learning
5734337124,Computer Vision
5705593313,Python
5705593313,Power BI
5705593313,Tableau
5705593313,Snowflake
1171508080,Machine Learning
1171507907,Machine Learning
1171507938,Machine Learning
1171507938,Computer Vision
5742857336,Machine Learning
1177314512,Python
1177314512,Django
1613512157,Java
2075069595,Linux
2075069595,Angular
2075069595,CSS
2075069595,HTML
2075069595,JavaScript
2075069595,Node.js
2075069595,MongoDB
5761953231,GCP
5761953231,Machine Learning
5761953231,Azure
5761953231,AWS
5761953231,Python
5761953231,SQL
1171506762,JavaScript
1171506762,Python
1171506762,Scala
1171506762,Java
1985742456,JavaScript
1985742456,Python
1985742456,Scala
1985742456,Java
1299755406,Python
1844548865,Machine Learning
1844548865,Statistics
2042125346,Machine Learning
2042125346,Python
2042125346,C++
2042125346,Java
2113254409,Go
2113254409,React
2113254409,Java
1375879628,PostgreSQL
1375879628,JavaScript
1375879628,Kubernetes
1375879628,Node.js
1375879628,TypeScript
1375879628,Docker
2709289111,Java
2698332349,React
5245408637,Machine Learning
5245408429,Machine Learning
2782429385,Python
2782429385,Node.js
2782429385,Java
2782428347,Python
2782428347,Node.js
2782428347,Java
1464995154,Java
5773539587,R
5731976245,Machine Learning
5731976245,Python
5731976245,NLP
5741769202,Machine Learning
5741768982,Machine Learning
5778442304,Flask
5778442304,HTML
5778442304,JavaScript
5778442304,Django
5778442304,Azure
5778442304,AWS
5778442304,React
5778442304,Python
5778442304,TypeScript
5761719755,Keras
5761719755,TensorFlow
5761719755,Spark
5761719755,PyTorch
5761719755,Python
5761719755,Statistics
5761719755,SPSS
5744094428,Machine Learning
5773092540,Azure
5727263284,Flask
5727263284,JavaScript
5727263284,Django
5727263284,React
5727263284,Python
5761953227,GCP
5761953227,Machine Learning
5761953227,Azure
5761953227,AWS
5761953227,Python
5761953227,SQL
5778442251,Python
5778442251,TypeScript
5778442251,React
5778442251,JavaScript
5070422530,Python
5748539077,Machine Learning
5748539077,Azure
5748539077,Spark
5748539077,Statistics
5692463029,Machine Learning
5690850560,Computer Vision
5741769216,Statistics
5744084967,Java
5701848152,C++
5744085025,JavaScript
5744085025,Kubernetes
5744085025,Docker
5744085025,Node.js
5748527051,GCP
5748527051,Airflow
5748527051,Spark
5748527051,CI/CD
5748527051,Jenkins
5748527051,Python
5748527051,Hive
5748527051,SQL
5748527051,Scala
5774239613,Agile
5669850913,Machine Learning
5744084966,Java
5744085149,.NET
5744085004,Java
5744085226,Agile
5255506987,Machine Learning
2773784069,Python
2773784069,Deep Learning
2773784069,NLP
2773784069,Computer Vision
1161626852,Hadoop
1161626852,Spark
1161626852,Kafka
1161626852,Java
1161626852,NLP
1161626852,Python
1161626852,Scala
4514376308,Machine Learning
4514376308,Deep Learning
4514376308,Statistics
4514376308,NLP
5724964049,Machine Learning
5724964049,Python
1171507756,Machine Learning
1171507756,Computer Vision
5199143284,Machine Learning
5199143284,Deep Learning
5199143284,NLP
5199143284,Computer Vision
5782684132,Keras
5782684132,scikit-learn
5782684132,Deep Learning
5782684132,TensorFlow
5782684132,PyTorch
5782684132,Python
2721354315,Linux
5761792149,Machine Learning
5787828495,Machine Learning
5762101177,Machine Learning
5739309323,Machine Learning
2809249891,Python
5730849749,Machine Learning
5730849749,Python
5784971428,Machine Learning
5784971428,Deep Learning
4906138065,Python
4906138065,SQL
4906138065,Azure
4906138065,Computer Vision
5726292500,Machine Learning
5726292500,Deep Learning
5726292500,Computer Vision
5726292500,Python
5726292500,SQL
5761948004,Machine Learning
5761948004,JavaScript
5761948004,REST API
5761948004,Python
5761948004,Git
5778260330,Machine Learning
5677704832,Machine Learning
5677704832,Statistics
5779827850,Machine Learning
5774235427,Machine Learning
5774235427,Deep Learning
5768789140,Python
5768789140,Spark
5782689747,Machine Learning
5782689747,Deep Learning
5782689747,Hadoop
5782689747,Python
5782689747,Statistics
5756760729,Machine Learning
5756760729,Spark
5768789155,Python
5768789155,CI/CD
5768789155,Azure
5742841147,scikit-learn
5742841147,Machine Learning
5742841147,TensorFlow
5742841147,PyTorch
5742841147,Python
5726292634,scikit-learn
5726292634,Machine Learning
5726292634,Deep Learning
5726292634,PyTorch
5726292634,Python
5726292634,SQL
5744088919,Python
2546106005,Machine Learning
5761947988,Hadoop
5761947988,Spark
5735988504,Machine Learning
5735988504,Statistics
5692461388,Machine Learning
5692461388,Python
5696838296,Machine Learning
5683819118,Machine Learning
5743027701,Machine Learning
5756938316,Machine Learning
5782689795,Machine Learning
5782689795,Deep Learning
5782689795,Hadoop
5782689795,Python
5782689795,Statistics
5757013785,Machine Learning
4076032207,Computer Vision
5766157923,AWS
5766157923,Python
5766157923,React
5766157923,Java
5067536911,Machine Learning
5787963989,Machine Learning
5787963989,Deep Learning
4803838914,Statistics
4723896617,Statistics
5496729203,Keras
5496729203,scikit-learn
5496729203,Machine Learning
5496729203,TensorFlow
5496729203,Python
5496729203,SQL
5496729203,Statistics
5761946909,Machine Learning
1171507777,Google Analytics
1171507777,Python
1171507777,Tableau
1171507796,Tableau
1171507796,ETL
4055100165,Machine Learning
4055100165,Excel
4055100165,Python
4055100165,SQL
4055100165,Statistics
5548265930,Machine Learning
5548265930,Go
3409849801,Machine Learning
3409849801,Statistics
5782686839,Airflow
2742137142,Machine Learning
2742137142,Python
5706565047,Machine Learning
5706565047,Python
5778437907,R
5739309337,Machine Learning
5727183855,Kubernetes
5727183855,Docker
5727183855,Airflow
5769829944,Machine Learning
5779645943,Python
5782686183,Airflow
5758061216,Machine Learning
5782686629,Airflow
5760460506,Machine Learning
5761802636,Machine Learning
5761802636,Python
5761802636,Statistics
5767425624,Spark
5767425624,Azure
5767425624,ETL
5767425624,Python
5767425624,SQL
5776258009,Machine Learning
5674984389,Machine Learning
5674984389,Python
5588939147,Machine Learning
5588939147,Python
5714259102,Machine Learning
5457188683,Machine Learning
5782686664,Machine Learning
5782686664,Python
5782686664,SQL
5786030573,Statistics
4188481875,Machine Learning
4188481875,Python
5674984388,Machine Learning
5674984388,Python
5730849794,Machine Learning
5517105980,Machine Learning
5517105980,Deep Learning
5517105980,TensorFlow
5517105980,PyTorch
5517105980,Python
5754026055,Statistics
5590185215,Machine Learning
5590185215,Python
5726293797,Python
5726293797,Power BI
5726293797,Tableau
5726293797,Snowflake
5116934866,Machine Learning
5116934866,NLP
5768704701,Machine Learning
5768704701,Python
5652666315,Machine Learning
4838060274,Machine Learning
4838060274,NLP
4990759753,CSS
4990759753,HTML
4990759753,.NET
4990759753,MySQL
4990759753,Python
5756755766,Machine Learning
5756755766,NLP
5714003728,Python
5714003728,CI/CD
5714003728,Azure
5714003728,Django
5768704702,Machine Learning
5768704702,Python
2992079472,Machine Learning
5598428036,Machine Learning
5598428036,CI/CD
5598428036,Kubernetes
5598428036,Jenkins
5598428036,Docker
5714826726,Machine Learning
5713864159,Machine Learning
1171508809,Machine Learning
1171508809,Deep Learning
1171508809,TensorFlow
1171508809,NLP
1171508809,Java
1171508809,C++
1171508809,Python
5629202289,SQL
1161627472,Machine Learning
2383302553,Machine Learning
2383302553,Deep Learning
2383302553,Agile
5773864673,Machine Learning
5773864673,Deep Learning
3433221802,Power BI
2953661286,Scala
5211779169,Python
5211779169,React
5211779169,Flask
5211779169,Java
5756755731,Machine Learning
5548265936,Machine Learning
5548265936,Go
5726293495,Machine Learning
5726293495,Computer Vision
5591856379,Machine Learning
5776258359,Statistics
2927156051,Python
2927156051,SQL
5760748141,Machine Learning
5760748141,Statistics
5760748141,NLP
5760756052,Machine Learning
1171507817,Machine Learning
1171507817,Python
1171507817,Deep Learning
1171507817,Statistics
1391362992,Python
1391362992,Hadoop
5782692430,Python
4201304160,Python
4201304160,Computer Vision
4201304160,NLP
4201304160,Java
1155089200,Machine Learning
1155089200,Deep Learning
1155089200,TensorFlow
1155089200,Hadoop
1155089200,Spark
1155089200,NLP
1155089200,Computer Vision
1155089200,MongoDB
1155089200,Python
1899703576,Machine Learning
1899703576,Deep Learning
1899703576,NLP
1899703576,Python
1899703576,Statistics
5761947554,Spark
5761947554,Kafka
5777073692,Python
5777073692,Power BI
5777073692,Tableau
5678915470,Keras
5678915470,Machine Learning
5678915470,Deep Learning
5678915470,TensorFlow
5678915470,PyTorch
5761955685,NLP
5761955685,Computer Vision
4216757974,Flask
4216757974,Machine Learning
4216757974,Django
4216757974,Python
4216757974,SQL
5727568292,Machine Learning
5503837631,Machine Learning
5731976269,Machine Learning
5731976269,Python
5731976269,NLP
5754770030,Machine Learning
5754770030,Spark
5754770030,Python
5754770030,SQL
5754770030,Agile
2349832293,Agile
5726293658,Python
5775274610,Machine Learning
5748522523,Keras
5748522523,scikit-learn
5748522523,Machine Learning
5748522523,Deep Learning
5748522523,TensorFlow
5730959207,Machine Learning
5730959207,Statistics
5744088869,TensorFlow
5744088869,Azure
5744088869,Spark
5744088869,AWS
5744088869,PyTorch
5744088869,Python
5775777300,Machine Learning
5663139923,Snowflake
5616024566,Go
5773087627,Machine Learning
5773087627,Python
5773087627,Deep Learning
5773087627,Statistics
5787242250,Machine Learning
5560724398,Deep Learning
5560724398,Computer Vision
5763219200,Machine Learning
5763219200,NLP
5739309333,Machine Learning
5741768963,Machine Learning
5759291670,Python
5759291670,Deep Learning
5759291670,Statistics
5759291670,Computer Vision
1171507873,Python
5739952730,Machine Learning
5762112938,Machine Learning
5766299976,Machine Learning
5766299976,Deep Learning
5766299976,NLP
5748539087,Machine Learning
5446299096,scikit-learn
5446299096,Machine Learning
5446299096,TensorFlow
5446299096,PyTorch
5446299096,Python
5767397568,SQL
5400948252,Machine Learning
5400948252,Python
5400948252,scikit-learn
5652053919,Machine Learning
5652053919,Azure
5652053919,ETL
5652053919,AWS
5652053919,Python
5652053919,SQL
5657222643,Machine Learning
5657222643,Azure
5657222643,ETL
5657222643,AWS
5657222643,Python
5657222643,SQL
4946208653,Excel
5776777848,GCP
5748897437,Machine Learning
5748897437,Python
5748897437,Deep Learning
5751728768,Machine Learning
5751728768,Python
5751728768,Deep Learning
5751728768,SQL
5404307310,Machine Learning
5404307310,Hadoop
5404307310,Spark
5404307310,Java
5404307310,Python
5704308513,Machine Learning
5704308513,Python
5704308513,Spark
5704308513,scikit-learn
5699477536,Machine Learning
5705593392,GCP
5705593392,Azure
5705593392,AWS
5705593392,Python
5705593392,SQL
5758223785,Machine Learning
5758223785,Python
5758223785,Deep Learning
5758223785,SQL
5657939277,Machine Learning
5704062137,Scrum
5704062137,Snowflake
5704062137,ETL
5704062137,Java
5704062137,SQL
5704062137,Agile
5722397122,Machine Learning
5722397122,Deep Learning
5760748362,Machine Learning
5699477547,AWS
5699477547,JavaScript
5785770809,Statistics
5787236659,Machine Learning
5787236659,Deep Learning
1171509650,Machine Learning
1171509650,Python
5748527072,Machine Learning
5748527072,Scala
5695000245,GCP
5695000245,Machine Learning
5695000245,Azure
5695000245,AWS
5695000245,Excel
5695000245,Python
5695000245,SQL
5741769057,Tableau
5741769057,Excel
5761955742,Oracle
5761955742,SQL
5761955742,Azure
5779259418,Machine Learning
5697250301,Machine Learning
5697250301,Python
5697250301,CI/CD
5713084148,Python
5713084148,Spark
5713084148,ETL
5748527096,Machine Learning
5748527096,Scala
5760748361,Machine Learning
5761955678,Python
5761955678,TensorFlow
5761955678,PyTorch
5754839815,Machine Learning
5468959500,Python
5468959500,ETL
5468959500,JavaScript
5416884048,NLP
5773864346,Agile
4514376236,Machine Learning
3987216053,Machine Learning
5363133330,Airflow
5363133330,Machine Learning
5363133330,PyTorch
5363133330,Python
5363133330,Docker
3949356918,Airflow
3949356918,Machine Learning
3949356918,Django
3949356918,Spark
3949356918,Kubernetes
3949356918,React
3949356918,Python
3949356918,SQL
3949356918,Docker
5756754110,Machine Learning
5635046286,Machine Learning
5776736995,Machine Learning
5776736995,Python
5759284130,Machine Learning
2549478979,Machine Learning
5768527434,Machine Learning
2539490299,Machine Learning
2042125548,Machine Learning
2042125548,NLP
2177266537,Machine Learning
1171508972,Machine Learning
1171508972,Python
4899762229,Machine Learning
4899762229,NLP
1155088444,Machine Learning
1155088444,Agile
1155088444,Scrum
1155088444,Java
5672787204,Machine Learning
5672787204,Airflow
5752337687,Machine Learning
5777264400,Machine Learning
5735987235,Machine Learning
5760752627,Machine Learning
5785771786,Machine Learning
5557106595,Machine Learning
5787154583,Machine Learning
5722058083,Machine Learning
5722058083,Deep Learning
5596877033,Machine Learning
5731787559,Machine Learning
5785771085,Machine Learning
5769000389,Machine Learning
5555173039,Machine Learning
5555173039,Agile
5773922404,Machine Learning
5746655936,Machine Learning
5634984343,Machine Learning
5444011979,Machine Learning
5754232277,Machine Learning
5735438580,Machine Learning
5700539313,Machine Learning
5754024148,Machine Learning
5754686090,Machine Learning
5754686090,R
5657090766,Machine Learning
5707549938,Machine Learning
5771984164,Machine Learning
5768522874,Machine Learning
5769817753,Machine Learning
5657090777,Machine Learning
5752832919,Machine Learning
5752832919,Computer Vision
4408712992,Machine Learning
4408712992,TensorFlow
4408712992,PyTorch
4408712992,Kubernetes
5255433795,Machine Learning
5751030404,Machine Learning
5751091114,Machine Learning
5756755274,Machine Learning
5756755274,Deep Learning
5756755274,Kubernetes
5756755274,Docker
5759061544,Machine Learning
5709644176,Machine Learning
5756615924,Machine Learning
5761750557,Machine Learning
5774235279,Machine Learning
5583456146,Machine Learning
5162665540,Machine Learning
5740849411,Machine Learning
5628271204,Machine Learning
5628271204,Deep Learning
5643980461,AWS
5643980461,Machine Learning
5643980461,Computer Vision
5762874544,Machine Learning
5780504425,Machine Learning
5634980595,Machine Learning
5689136137,Machine Learning
5709135330,Machine Learning
5709135330,Azure
5709135330,GCP
5722023650,Machine Learning
5722023650,Agile
5757773402,Machine Learning
5757773402,Python
5774235312,Machine Learning
5750965185,Machine Learning
5432357509,Machine Learning
5432357509,Agile
5739455641,Machine Learning
5739455641,Agile
5650474092,Machine Learning
5781788393,Machine Learning
5784973367,Machine Learning
5784374354,Machine Learning
1161627553,Machine Learning
1161627553,Agile
5720979707,Machine Learning
5720979707,Python
5720979707,TensorFlow
5720979707,scikit-learn
5759557187,Machine Learning
5783496362,Machine Learning
5783496362,Python
5781273739,Machine Learning
5781273739,Java
5305287672,Machine Learning
5695000210,Machine Learning
5753504310,Machine Learning
5784974298,Machine Learning
5784974298,Java
5787208866,Machine Learning
5787208866,Python
5734812487,Machine Learning
5651989556,Machine Learning
5653290573,Machine Learning
5728915771,Machine Learning
5730051968,Machine Learning
2684334397,Machine Learning
5776765928,Machine Learning
5653966475,Machine Learning
5759192925,Machine Learning
5760990774,Machine Learning
5745813239,Machine Learning
4801661428,Machine Learning
5777263003,Machine Learning
5787032371,Machine Learning
5702299871,Machine Learning
5754785668,GCP
5754785668,scikit-learn
5754785668,Machine Learning
5754785668,TensorFlow
5754785668,Azure
5754785668,Kubernetes
5754785668,AWS
5754785668,PyTorch
5754785668,Docker
5594232100,Machine Learning
5782539384,Machine Learning
5696862167,Machine Learning
5696862167,SQL
1161627548,Machine Learning
1161627548,Computer Vision
5693904572,Machine Learning
5662848225,Machine Learning
5731956142,Machine Learning
5731956142,CI/CD
5731955560,Machine Learning
5731955560,CI/CD
5731955535,Machine Learning
5731955535,CI/CD
5699477543,AWS
5699477543,Python
5699477543,Machine Learning
5752643785,Machine Learning
1372598947,Machine Learning
5753867270,Machine Learning
5690242238,Machine Learning
5690242238,TensorFlow
5690242238,Azure
5690242238,CI/CD
5690242238,AWS
5690242238,Git
5690242238,Python
5690242238,SQL
4801505792,Deep Learning
4801505792,NLP
5696897691,Machine Learning
5696897691,Deep Learning
5696897691,NLP
5759289877,Machine Learning
5759289877,Hadoop
5759289877,Spark
5759289877,Python
5759289877,SQL
5759289877,Statistics
5770003890,Machine Learning
5744084953,Machine Learning
5744084953,Statistics
5514859276,Computer Vision
1161627540,Machine Learning
5704062086,TensorFlow
5704062086,PyTorch
5782687877,Machine Learning
5782687877,Python
5708609747,Computer Vision
5744084983,Machine Learning
5752822644,Machine Learning
5700726261,Python
5652024294,Machine Learning
5744088862,GCP
5744088862,Machine Learning
5744088862,TensorFlow
5744088862,CI/CD
5744088862,AWS
5744088862,PyTorch
5744088862,Python
5645235828,Machine Learning
1161627542,Deep Learning
5449935935,Machine Learning
5751078146,Machine Learning
4708090721,Machine Learning
3044590237,Machine Learning
3044590237,Computer Vision
5728377332,Machine Learning
4493479601,Machine Learning
5243420232,Machine Learning
5243420232,Python
5785951902,Machine Learning
2308527096,Machine Learning
5767155006,Machine Learning
5767155006,Computer Vision
5728833093,Machine Learning
5696350432,Machine Learning
5510898439,Python
5510898439,GCP
5508594587,Python
5508594587,GCP
5779176384,Machine Learning
5779176384,Python
5699760294,Python
5699760294,CI/CD
5699760294,GCP
5760756342,AWS
5760756342,SQL
5760756342,Spark
5697251805,Python
5697251805,CI/CD
5697251805,GCP
5778695186,Machine Learning
5771914269,Machine Learning
5754821117,Machine Learning
5761953303,Machine Learning
5761953303,JavaScript
5761953303,Django
5761953303,React
5761953303,Python
5767237955,AWS
5785794514,Machine Learning
5727156441,Machine Learning
5727156441,Computer Vision
2430478583,Machine Learning
5717273191,Machine Learning
5718401844,Machine Learning
5756005573,Machine Learning
3894826256,Machine Learning
1958165136,Machine Learning
1958165136,Python
1958165136,scikit-learn
1958165136,Java
2658062217,Machine Learning
2658062217,Python
2658062217,SQL
5726293436,Machine Learning
5726293436,Python
5726293436,C++
5744088839,Machine Learning
5744088839,Python
5744088839,SQL
5744088839,Docker
5778225260,Machine Learning
5779827854,Machine Learning
5761753128,Machine Learning
5713888569,Machine Learning
5725582481,Machine Learning
5666043882,Machine Learning
5666043882,Statistics
5680652591,Machine Learning
5760361697,Machine Learning
5760975895,Machine Learning
5626581561,Machine Learning
5756617851,Machine Learning
5756005572,Machine Learning
5540766755,Machine Learning
5785771528,Machine Learning
5735406533,Machine Learning
5732146506,Machine Learning
5729687638,Machine Learning
5540766758,Machine Learning
5785770924,Machine Learning
5778195801,Machine Learning
5714257528,Machine Learning
5714257528,Statistics
5739446311,Machine Learning
3576196749,Machine Learning
3576196749,Statistics
5771399113,Machine Learning
5785770688,Machine Learning
5716325162,Machine Learning
5770257380,Machine Learning
5785770909,Machine Learning
5770257379,Machine Learning
5770257369,Machine Learning
5770257386,Machine Learning
5785770823,Machine Learning
5785771190,Machine Learning
2883808214,Machine Learning
5708529500,Machine Learning
5708529500,Python
5708529500,TensorFlow
5708529500,PyTorch
1346641523,Machine Learning
5757871326,Machine Learning
5757871326,Deep Learning
5734339082,Machine Learning
5737266681,Machine Learning
5708033064,Machine Learning
5693904579,Machine Learning
5413749157,AWS
5413749157,Python
5413749157,Machine Learning
5742848287,Machine Learning
5761947878,Machine Learning
5761947878,Python
5761947878,SQL
5761947878,Azure
5139737061,Machine Learning
5139737061,Kubernetes
5139737061,Docker
5761947867,Flask
5761947867,Machine Learning
5761947867,Spark
5761947867,Azure
5761947867,Kafka
5761947867,ETL
5761947867,Kubernetes
5761947867,Jenkins
5761947867,Python
5761947867,SQL
5761947867,Docker
5761947842,Machine Learning
5761947842,R
5771397867,Machine Learning
5771397867,Python
5771397867,SQL
5771397867,Tableau
5690242259,Machine Learning
5690242259,TensorFlow
5690242259,PyTorch
5690242259,Python
5690242259,SQL
5690242259,Statistics
1878006934,Python
5781967120,Machine Learning
5784970696,Machine Learning
5714939462,Python
5714939462,TensorFlow
5714939462,SQL
5714939462,PyTorch
5690242287,Deep Learning
5754720548,Machine Learning
5774390522,Machine Learning
5398528717,Machine Learning
5398528717,Deep Learning
5398528717,Java
5398528717,AWS
5398528717,Python
5708033029,Machine Learning
5708033029,CI/CD
5708033029,Azure
5067536908,Machine Learning
4703221899,Machine Learning
4703221899,Python
4703221899,SQL
4703221852,Machine Learning
4703221852,Python
4703221852,SQL
5646491386,Scrum
5646868524,Scrum
5768361430,Machine Learning
5705593328,SQL
5705593328,ETL
5786019212,Machine Learning
5786019212,Python
5693904576,Machine Learning
5693904576,Python
5693904651,AWS
5693904651,Scala
5730746827,Machine Learning
5730746827,Python
5730746827,PostgreSQL
5695000255,Snowflake
5695000255,ETL
5701725687,Machine Learning
5779497996,Machine Learning
5699825214,Machine Learning
5699825214,Deep Learning
5737395038,Machine Learning
5774390526,Machine Learning
5697705811,Azure
4992020437,Statistics
5762869132,Machine Learning
5738411211,Machine Learning
5758090146,Machine Learning
5688255486,Machine Learning
5780537027,Machine Learning
1171507734,Machine Learning
1398819281,Machine Learning
1398819281,Deep Learning
4559411206,Machine Learning
4596884479,Machine Learning
4596884479,Agile
1368669287,Machine Learning
1368669287,Deep Learning
1368669287,TensorFlow
1368669287,Computer Vision
1368669287,PyTorch
5329695975,Machine Learning
5780531774,Machine Learning
1474079177,Machine Learning
5780534397,Machine Learning
4718991079,Machine Learning
5780517131,Machine Learning
5785771270,Machine Learning
5761749526,Machine Learning
5780985101,Machine Learning
5780985101,Python
5780985101,Azure
5780985101,PyTorch
5779467596,GCP
5779467596,Excel
5624610443,Python
5552722462,Machine Learning
3332673255,Machine Learning
1233590624,Machine Learning
1463797734,Machine Learning
5749927919,Machine Learning
5693904656,Machine Learning
5727130803,AWS
5727130803,Machine Learning
5727271341,AWS
5727271341,Machine Learning
5664049711,Machine Learning
5754761056,Machine Learning
5732148040,Machine Learning
5727114445,Machine Learning
5727114445,Statistics
5662077339,Machine Learning
5722551133,Machine Learning
5671669457,Machine Learning
5740210297,Machine Learning
5742848285,Machine Learning
5759725193,Machine Learning
5759725193,Deep Learning
5762100088,Python
5778695223,Machine Learning
5704832274,NoSQL
5704832274,Spark
5704832274,Hadoop
5704832274,Kafka
5704832274,Java
5704832274,Python
5704832274,Hive
5704832274,SQL
5704832274,Scala
5742848274,Snowflake
5742848274,Spark
5742848274,ETL
3452174587,Machine Learning
3452174587,React
1171508762,Machine Learning
1733428578,Machine Learning
1756230335,Machine Learning
5784730469,Python
5784730469,Azure
5719887935,Machine Learning
5719887935,Python
4686699992,Machine Learning
4686699992,CI/CD
4480685313,React
4480685313,Agile
5421739996,Machine Learning
5773864719,Machine Learning
5773864719,Deep Learning
5725158400,Java
5757773772,Angular
5757773772,Azure
5757773772,.NET
5757773772,C#
5757773772,SQL
5772985315,Scrum
5774235889,Python
5774235889,Scala
5774235889,NoSQL
5774235889,Java
1171509217,Linux
3104612699,Deep Learning
3104612699,Computer Vision
5731956653,Linux
5731956653,C++
5576336202,Python
5576336202,C++
5576336202,Java
5776786454,Agile
5776786454,Scrum
5761771790,Agile
5761750611,JavaScript
5761750611,PostgreSQL
5762098870,Agile
5749865396,HTML
5749865396,Django
5749865396,Java
5749865396,Node.js
5749865396,React
5749865396,Python
5780830354,Azure
5756754650,Azure
3032212368,C#
3032212368,Python
3032212368,C++
3032212368,Java
3592404538,JavaScript
3592404538,SQL
3592404538,React
3592404538,Java
5786031104,R
5761951226,Agile
5731956597,Java
5759284362,React
5759284362,Kafka
5759284362,Angular
5759284362,Java
5782687184,Linux
5782687184,C++
5767217155,Python
5635415253,Agile
5635415253,Scrum
5635415253,Java
5761948287,Python
5761948287,MySQL
5738228671,Go
4282822368,CSS
4282822368,HTML
4282822368,JavaScript
4282822368,.NET
4282822368,C#
5777263993,PostgreSQL
5777263993,R
5777263993,Kafka
3104612718,Agile
2853928227,Agile
5760752279,AWS
5760752279,Java
5760752282,Python
5760752282,SQL
5760752282,Spark
5760752282,Java
5197322481,SQL
5197322481,Java
5663140638,Azure
2388877302,JavaScript
2388877302,Node.js
2388877302,React
5655450852,Machine Learning
5630381184,Azure
5784971419,Azure
5784971419,React
5784971419,MongoDB
5784971419,Java
5730959415,Angular
5730959415,Snowflake
5730959415,CI/CD
5730959415,Jenkins
5730959415,TypeScript
5784971417,JavaScript
5784971417,SQL
5784971417,Java
5752355229,AWS
5761948349,Python
5738228672,Java
5738228673,Kubernetes
5738228673,Docker
5738228673,Java
5738228742,Kubernetes
5738228742,Docker
5738228742,Java
1167086090,Python
1167086090,React
1167086090,Angular
1167086090,Java
1171508873,Python
1714383010,PostgreSQL
1714383010,Kafka
1714383010,Java
1714383010,MySQL
1714383010,MongoDB
1714383010,NoSQL
1714383010,Redis
1714383010,Oracle
1171509133,Machine Learning
1171509133,NLP
2204735888,Linux
2204735888,C++
4344578521,HTML
4344578521,Node.js
4344578521,Angular
5727241995,C++
5495469145,JavaScript
5495469145,CI/CD
5495469145,.NET
5495469145,AWS
5495469145,Node.js
5495469145,C#
5495469145,TypeScript
3949357014,NoSQL
3949357014,JavaScript
3949357014,Kubernetes
3949357014,AWS
3949357014,Node.js
3949357014,React
3949357014,Python
3949357014,SQL
3949357014,Docker
5463475006,SQL
5665694059,Java
5476310346,SQL
5476310346,C++
4686705689,Azure
1926743709,AWS
5779830224,Excel
2252577043,Java
2077170920,Python
2077170920,Django
2284642422,Linux
2284642422,SQL
2887281587,Linux
2887281587,Angular
2887281587,PHP
2887281587,JavaScript
2887281587,Azure
2887281587,AWS
2887281587,MySQL
2887281587,Node.js
2887281587,Python
2887281587,Docker
5752946904,Machine Learning
5752946904,Power BI
5778435939,JIRA
4686704491,Angular
4686704491,CSS
4686704491,HTML
4686704491,JavaScript
4686704491,PHP
4686704491,MySQL
4686704491,Node.js
5759289354,Python
5376862352,Machine Learning
5376862352,Python
5376862352,GCP
4686707901,JavaScript
4686707901,C++
4686707901,Java
5581100125,Machine Learning
5581100125,Python
5456012546,AWS
5456012546,NoSQL
5456012546,Azure
5456012546,React
2490176973,Linux
2490176973,Kafka
2490176973,Java
5778253774,Excel
5742845671,Azure
5742845671,React
5742845671,.NET
5778441049,Kafka
5778441049,Scrum
5778441049,Go
5697705807,Java
5787621808,Excel
5787149410,Excel
5728833528,Azure
5728833528,React
5728833528,.NET
5787621799,Excel
5761955430,CI/CD
5761955430,Azure
5787621801,Excel
2830210773,React
5784375614,Angular
5784375614,React
5784375614,Java
5780536730,C++
1171508847,C++
1171508428,Java
5718114753,C#
5718114753,.NET
5718114753,C++
4826434988,Go
4826434988,React
4826434988,Java
1261044199,NoSQL
1261044199,SQL
1261044199,MongoDB
1261044199,Java
2893624055,Excel
3719879769,C#
3719879769,JavaScript
3719879769,SQL
3719879769,.NET
2310406327,SQL
2310406327,.NET
4405537309,C++
5376862355,GCP
5376862355,Angular
5376862355,JavaScript
5376862355,Kubernetes
5376862355,Java
5376862355,Node.js
5376862355,React
5376862355,Python
5741057938,JavaScript
5741057938,Node.js
5761955550,Scrum
5761955550,Azure
5761955550,.NET
5761955550,React
5761955550,C#
5761955551,SQL
5761955551,PostgreSQL
5761955551,ETL
5768789156,Java
5778260273,Excel
5779830228,Excel
5686790067,Angular
5686790067,.NET
5784730485,Agile
5784730485,Java
5727692279,HTML
2412913392,C#
2412913392,Angular
2412913392,.NET
2412913392,Go
4168762760,JavaScript
4168762760,Node.js
4168762760,React
4667619187,HTML
4667619187,JavaScript
4667619187,CSS
1171507862,MySQL
1171507862,SQL
1171507862,MongoDB
1171507862,Java
1946495795,Python
1946495795,PHP
1946495795,C++
1946495795,Java
4205183814,CSS
4205183814,HTML
4205183814,JavaScript
4205183814,.NET
4205183814,C#
4205183814,SQL
1975883703,Go
1171507480,MySQL
1171507480,SQL
1171507480,MongoDB
1171507480,Java
1308685127,Linux
1308685127,Angular
1308685127,Java
1308685127,REST API
1308685127,MySQL
4050261426,CSS
4050261426,HTML
4050261426,.NET
4050261426,C#
4050261426,SQL
4801459809,Java
1155088468,Java
1706412322,React
4686706668,C#
4686706668,SQL
4686706668,.NET
5047749715,JavaScript
5047749715,Node.js
5047749715,React
5047749715,Angular
5756755660,JavaScript
5756755660,Node.js
4344578698,Agile
2989122314,C#
2989122314,.NET
1793012285,Python
1793012285,Java
1725352004,Flask
1725352004,Django
1725352004,Git
1725352004,React
1725352004,Python
1725352004,SQL
2177265215,Angular
2177265215,JavaScript
2177265215,Java
2177265215,AWS
2177265215,MySQL
2177265215,Git
2177265215,Docker
1171508523,C++
1706412320,JavaScript
1706412320,Node.js
1706412320,React
1171507839,NoSQL
1171507839,Kafka
1171507839,MySQL
1171507839,MongoDB
1171507839,Python
1171507839,SQL
3317152969,SQL
1171508061,Flask
1171508061,Django
1171508061,MySQL
1171508061,React
1171508061,Redis
1171508061,Python
1171508061,SQL
1171508061,Oracle
2365957125,Agile
4801505402,Linux
4801505402,PHP
4801505402,.NET
4801505402,Java
4801505402,MySQL
4801505402,C#
5735751193,SQL
5735751193,.NET
5735751193,Java
5066157494,.NET
1848099801,Java
3151738811,C#
3151738811,C++
1936017253,Java
2795055921,Python
2297742729,GCP
2297742729,Java
2297742729,AWS
2297742729,SQL
2297742729,Agile
4686702986,Java
5726293901,Java
5742640896,Java
1171508731,JavaScript
5534379502,Java
5734385949,Machine Learning
5734385949,Computer Vision
3269975340,CSS
3269975340,HTML
3269975340,JavaScript
3269975340,Java
3269975340,MySQL
3269975340,MongoDB
3269975340,SQL
1963325823,AWS
1963325823,React
1963325823,PostgreSQL
5767332981,C++
5742857571,GCP
5742857640,GCP
2160609461,Linux
5761121663,JavaScript
5761121663,Python
5761121663,Node.js
5761121663,Java
1474111434,Angular
1474111434,CSS
1474111434,JavaScript
1474111434,Azure
1474111434,Node.js
2077170919,.NET
4714851024,AWS
4714851024,PHP
5720979692,C++
1409539947,Java
2100653377,HTML
2100653377,JavaScript
2100653377,React
2100653377,CSS
4801604834,MySQL
4801604834,PHP
1171509513,PHP
5739089272,Python
5739089272,JavaScript
5769486399,Python
5769486399,Agile
5769486399,Java
2042125546,Java
1353179594,SQL
1353179594,Java
5729616944,MySQL
5729616944,SQL
2500529374,Jenkins
2500529374,Git
2500529374,JIRA
2500529374,Java
5581807755,JIRA
5782302099,Agile
4801511865,.NET
2971620260,PHP
2971620260,HTML
2971620260,JavaScript
2971620260,CSS
2971620260,MySQL
2971620260,Redis
5697705969,Angular
5697705969,CSS
5697705969,HTML
5697705969,JavaScript
5697705969,Java
5697705969,Node.js
5697705969,React
5697705969,SQL
4801549528,MySQL
4801549528,PHP
5743774948,Machine Learning
4801622462,.NET
5761755455,Snowflake
5761755455,MongoDB
5761755455,Java
4801531817,PHP
1301202619,Angular
1301202619,Java
5782302093,Spark
5782302093,Agile
5782302094,Spark
5782302094,Agile
5729664275,Java
5759288978,Agile
5758957562,React
5782302112,Agile
5762102475,React
5762102475,.NET
5729584844,JavaScript
5729584844,Node.js
5785716631,Java
5768788937,C++
5764071937,.NET
5761951610,C#
5761951610,SQL
5761951610,Angular
5761951610,.NET
5761951624,C#
5761951624,SQL
5761951624,Angular
5761951624,.NET
5729612341,CI/CD
5729612341,PHP
5732546462,Go
5759291409,C#
5759291409,Python
5759291409,.NET
5771399158,Java
5738419001,Java
5657912073,Agile
5781789275,CI/CD
5781789275,Java
5782689322,C#
5782689322,Azure
5782689322,.NET
5759289416,R
5760753932,Java
5784011321,Agile
4801569617,PHP
5782689300,Agile
5784011325,.NET
5782689323,Hadoop
5782689323,SQL
5782689323,Spark
5728399760,Agile
2977145684,Angular
4741664790,JavaScript
4741664790,Angular
4741664790,.NET
4969643062,C#
4969643062,Python
4969643062,Java
5774236624,Python
5774236624,Django
5774236624,JavaScript
5684367604,Computer Vision
2509165212,Computer Vision
5756762676,Agile
5770252080,Kubernetes
1546544968,Java
5649015699,TypeScript
5649015699,React
5662083023,Go
5781267914,SQL
5781267914,Oracle
5781267914,Java
5787126832,C#
5787126832,.NET
4397462758,PostgreSQL
4397462758,Angular
4397462758,Flask
4397462758,JavaScript
4397462758,Django
4397462758,Java
4397462758,MySQL
4397462758,React
4397462758,Python
4397462758,TypeScript
4397462758,SQL
3129682589,Google Analytics
3129682589,ETL
5766341327,Azure
5766341327,React
5774396972,Python
5774396972,Java
5721222995,Azure
5738226144,Agile
5782536332,.NET
5782536332,Agile
5777491053,Azure
2959776732,Java
3433222360,C#
2409802976,CSS
2409802976,HTML
2409802976,.NET
2409802976,Java
2409802976,AWS
2409802976,MySQL
2409802976,MongoDB
2409802976,Redis
2409802976,C#
2409802976,SQL
2933962262,C#
2933962262,C++
2933962262,Java
5731956622,Agile
5756755883,JavaScript
5756755883,Node.js
5756755883,React
5756755883,Python
5756755883,SQL
5761947856,ETL
5761947992,Azure
5761947992,.NET
5761947992,REST API
5761947992,C#
5761947992,Git
5761948006,React
5761948006,Java
5778435898,JIRA
5714257083,Machine Learning
5714257083,Python
5714257083,Java
5785771851,Machine Learning
4686705030,Scrum
4686705030,Machine Learning
4686705030,Hadoop
4686705030,Java
4686705030,C#
4686706899,CI/CD
4686703545,.NET
4686703545,Java
5785732032,Oracle
5775502981,C#
5775502981,Azure
5775502981,React
5775502981,.NET
5782877664,Agile
2667255745,HTML
2667255745,JavaScript
2667255745,CSS
2667255745,Java
5784960788,Kubernetes
4397462759,Airflow
4397462759,JavaScript
4397462759,Java
4397462759,AWS
4397462759,Python
4397462759,TypeScript
5687817782,Computer Vision
4397462745,PostgreSQL
4397462745,Angular
4397462745,Airflow
4397462745,Flask
4397462745,JavaScript
4397462745,Django
4397462745,MySQL
4397462745,React
4397462745,Python
4397462745,TypeScript
5678276445,Machine Learning
5775335432,.NET
5742844552,Java
5761955514,Agile
5740741510,Python
5751028686,AWS
5751028686,Agile
5751028686,Java
5756754222,Azure
5773092502,Angular
5773092502,JavaScript
5773092502,Java
5773092502,SQL
5773092502,Agile
2177278895,JavaScript
2177278895,Java
2177278895,AWS
2177278895,REST API
2177278895,MySQL
2177278895,Node.js
2177278895,SQL
2177278895,Oracle
5739117135,R
5778145428,C++
5738228858,Angular
5738228858,Java
5738228858,React
5738228858,TypeScript
5738228858,SQL
5738228858,Oracle
5141411018,Angular
5771063449,Agile
5470764586,Spark
5779642459,Agile
5763491336,Java
4801578528,PHP
4801578528,HTML
4801578528,CSS
4801578528,Java
4801578528,MySQL
4482389909,C#
4482389909,SQL
4482389909,.NET
4482389909,Oracle
5756755775,AWS
5756755775,SQL
5756755775,.NET
5105501544,Linux
5105501544,PHP
5105501544,HTML
5105501544,JavaScript
5105501544,CSS
5105501544,React
5105501544,Redis
5105501544,SQL
5768788940,Agile
2766490901,AWS
2766490901,React
2766490901,Kafka
2766490901,Angular
2766490894,AWS
2766490894,React
2766490894,Kafka
2766490894,Angular
1638747503,Django
4801507435,C++
5761953852,CSS
5761953852,HTML
5761953852,Java
5761953852,MySQL
5761953852,Git
5721942419,AWS
5721942419,.NET
5785771302,AWS
5785771302,.NET
5756755750,.NET
5780540438,JavaScript
5780540438,React
5780540438,Java
5752806590,CI/CD
2318122080,AWS
2318122080,Azure
2318122080,GCP
2318122080,Redshift
5785771111,AWS
5785771111,Java
5775403746,TypeScript
5775403746,React
5777066917,Linux
5777066917,Java
5723835438,.NET
5723835438,Java
5285154577,Java
1483884506,Java
1155089262,Spark
1155089262,Kafka
1155089262,Java
1155089262,MongoDB
1155089262,SQL
1171507180,JavaScript
1171507180,Agile
4316768885,React
3479609877,Agile
2795055898,Node.js
2795055898,JavaScript
2795055898,SQL
2795055898,Java
5105501596,PHP
5105501596,JavaScript
5105501596,CI/CD
5105501596,AWS
5105501596,REST API
5105501596,MySQL
5105501596,Node.js
5105501596,React
5105501596,Python
5105501596,Git
3145537679,Agile
3145537679,Java
1638747628,Linux
1638747628,HTML
1638747628,JavaScript
1638747628,Django
1638747628,Java
1638747628,MySQL
1638747628,Python
1171507348,Agile
4797235793,Agile
4797235793,Java
4151154840,C#
4151154840,.NET
5555404686,AWS
5555404686,Python
5555404686,SQL
5555404686,Excel
5756755795,Statistics
5756755763,Agile
5785771281,Python
5785771281,SQL
5785771281,Excel
4686706784,CSS
4686706784,HTML
4686706784,JavaScript
4686706784,Java
4686706784,Excel
4686706784,SQL
5782535793,Agile
5423085417,Java
5138014507,JavaScript
5138014507,React
5784724032,.NET
5716201160,React
5716201160,Java
5515570837,Go
5515570837,Java
4151154868,C#
4151154868,.NET
2452148665,PostgreSQL
2452148665,CSS
2452148665,HTML
2452148665,JavaScript
2452148665,MySQL
2452148665,Git
1171508107,Java
1155089284,AWS
1155089284,JavaScript
1155089284,Node.js
1155089284,REST API
2724974699,Linux
2724974699,Java
2724974699,MySQL
2724974699,C++
2724974699,SQL
2724974699,Oracle
2979713766,Java
5784086960,C++
3118758033,Angular
3118758033,Azure
3118758033,CI/CD
3118758033,.NET
3118758033,C#
3118758033,TypeScript
3118758033,SQL
3118758033,Agile
5473937457,AWS
5473937457,TypeScript
5473937457,React
1161627784,C#
1161627784,JavaScript
1161627784,.NET
1161627784,PHP
3211117577,C#
3211117577,JavaScript
3211117577,.NET
3211117577,PHP
2167825738,Angular
2167825738,Flask
2167825738,JavaScript
2167825738,Django
2167825738,Kubernetes
2167825738,REST API
2167825738,MySQL
2167825738,React
2167825738,Python
2167825738,Docker
2349831950,Azure
2349831950,GCP
5587468978,Java
5742846767,Power BI
1171507964,PHP
1171507964,HTML
1171507964,CSS
1171507964,Java
1171507964,MySQL
1171508005,Angular
5719169751,JavaScript
5768547115,AWS
5768547115,SQL
5768547115,Angular
5768547115,.NET
1155088383,Machine Learning
5586586276,C#
5586586276,SQL
5586586276,.NET
5773087625,PostgreSQL
5773087625,CI/CD
5773087625,.NET
5773087625,AWS
5773087625,MySQL
5773087625,C#
5773087625,SQL
5741769225,Python
5730959420,Angular
5730959420,Snowflake
5730959420,CI/CD
5730959420,Jenkins
5730959420,TypeScript
5468848653,Python
5468848653,Java
2162707532,Angular
2162707532,Kubernetes
2162707532,Java
2162707532,MySQL
2162707532,React
2162707532,Python
2162707532,SQL
2162707532,Docker
4987812642,CSS
4987812642,HTML
4987812642,JavaScript
4987812642,Java
4987812642,Node.js
4987812642,React
4987812642,C++
1171508174,JavaScript
3546812708,JavaScript
3546812708,Node.js
3546812708,MongoDB
2748841592,SQL
1171507955,React
1214567894,NoSQL
1214567894,MySQL
1214567894,MongoDB
1214567894,PHP
5721108364,Angular
5721108364,CSS
5721108364,Java
5721108364,Jenkins
5721108364,TypeScript
5761953850,Agile
5761953850,Excel
5761947529,C#
5761947529,C++
5761949600,PostgreSQL
5761949600,Flask
5761949600,Django
5761949600,Kafka
5761949600,Kubernetes
5761949600,JIRA
5761949600,Python
5761949600,Docker
5773087687,JavaScript
5773087687,Node.js
5773087687,React
5773087687,Java
5773087605,Agile
5773087605,Scrum
5777073817,C#
5777073817,Python
5777073817,Java
1155089896,C#
1155089896,HTML
1155089896,.NET
1155089896,CSS
2075070121,React
5777073940,Java
4324706538,.NET
4324706538,JIRA
4366865519,.NET
4366865519,JIRA
5749930068,Java
5708032906,TypeScript
5708032906,React
5326532388,Docker
5767596193,Python
5767596193,Agile
5742846755,C#
5691816184,JavaScript
5080055225,React
5080055225,JavaScript
5080055225,Node.js
5080055225,PostgreSQL
5775776180,C++
4174928818,Java
5688933904,CI/CD
5688933904,Azure
5688933904,React
5690404100,CI/CD
5690404100,Azure
5690404100,React
5688233104,Java
5769815437,AWS
5769815437,Snowflake
5769815437,dbt
5769815437,Airflow
5616020478,Scrum
